id,rut,nombre,calle,numero_domicilio,comuna,region
164,12604087-K,Jeffrey Stevens,Daniel Landing,2337,Michaelstad,Virginia
942,17382262-K,Jared Thompson,Black Streets,2464,Port Davidfurt,North Dakota
245,7746374-0,Megan Martin,Stewart Mountain,1613,Port Christine,Utah
469,17743455-K,Shannon Madden,Smith Port,925,South Marc,Minnesota
390,17517589-0,Teresa Walker,Donald Springs,429,Lake Travis,Maryland
997,7843708-K,Elizabeth Schmidt,Garcia Street,546,West Erica,Michigan
120,7321566-K,Patricia Wilson,Bauer Neck,3895,Ramirezmouth,Kansas
739,18871977-0,Amber Harrison,Davis Ridges,4783,Wrightview,Utah
700,15691590-K,Crystal Sexton,Christopher Passage,3480,Aaronbury,Vermont
833,9423308-K,Abigail Bartlett MD,Jerry Corners,4163,Carlsonstad,South Dakota
407,5046754-0,Brenda Watson,Bishop Way,3832,South Steven,Louisiana
402,19912581-0,Scott Faulkner,Stephanie Mountain,4994,South Charlesland,Arkansas
982,5195225-K,Robert Bennett,Tyler Streets,294,South Samanthahaven,Oregon
477,17692463-K,Susan Hernandez,Gordon Drive,535,Jeremyfurt,New Mexico
631,9081376-K,Billy Black,Jacob Manor,2491,Madisonside,Connecticut
326,7773915-K,Nichole Hartman,Donna Extension,4838,Murphychester,Wisconsin
486,18490509-K,Donna Evans,Hayes Wells,4280,Lake Robin,Colorado
409,15962388-0,Debra Perez,Reid Freeway,946,Ramosburgh,Oregon
563,18317431-0,Susan Walker,Shannon Groves,4102,Lake Andrea,Colorado
317,14661398-0,Steven Hawkins MD,Crystal Avenue,781,West Jasonmouth,Iowa
171,15499690-0,Mariah Bradley,Benjamin Crescent,4057,Robinsonside,Hawaii
651,17923663-0,Steven Davenport,Kevin Plain,1786,East Pamelafurt,Ohio
653,20754414-0,Jason Bartlett,Harper Mountains,1408,North Jasonbury,Alaska
490,12678032-0,Anna Henderson,Clark Circles,885,South Michael,Pennsylvania
898,10415476-0,Tammy Bailey,Martinez Path,4360,Port April,Pennsylvania
498,19850910-0,Susan Roach,Dawn Ramp,4452,South Zacharyport,Idaho
292,9022668-0,Kevin Jacobs,Silva Course,3410,North Lisa,Wyoming
323,8079950-K,Tiffany Haas,Thompson Stream,449,Carlville,Connecticut
351,17267970-0,Emily Fernandez,Mike Route,410,South Kelly,Idaho
439,13086109-0,Brett Morris,Miles Shoals,4351,Sanchezhaven,Oklahoma
721,6191844-K,Paul Washington,Julia Junction,2506,Sharonchester,Iowa
585,9779187-K,Heidi Norris,Hays Extensions,3203,Jacobsfort,Colorado
437,10947647-0,Susan Cunningham,Phillip Lane,4189,Toddstad,Kansas
108,15424151-0,Christopher Calderon,Elizabeth Trail,3143,Johnport,Florida
186,17753089-K,Justin Moore,Sawyer Ville,1303,Osbornestad,Ohio
588,12356368-0,Cameron Johnson,Hannah Union,173,Dorseyborough,Missouri
478,12419000-0,Brian Mcneil,Anthony View,2832,North Davidberg,Utah
362,19107096-K,Melinda Brown,Tiffany Common,3016,Lake Jessicaborough,Idaho
236,5314073-0,Charles Brown,Kristina Point,670,East Brian,Kentucky
331,15023559-K,Michael Cooper II,Harris Manor,698,Sextonchester,Illinois
464,8641177-K,Tina Diaz,Kelly Meadow,1825,East Taraville,Kentucky
680,6095449-K,Molly Fernandez,Karen Shoal,4588,West Erin,Maine
817,10905542-0,Jerome Harris,Avila Loop,1426,North William,Iowa
234,7921733-K,Michelle Davis,Michael Inlet,1669,Waltershire,Oregon
302,15540026-0,Leah Poole,Angela Mews,3036,West Jonathanville,Florida
522,17597988-0,Robert Kramer,Catherine Falls,4161,Williamstown,Alaska
127,17194850-K,Jacob Hunt,Jasmine Expressway,4141,West Danielton,Delaware
432,6090010-0,Tyler Beasley,Williams Viaduct,1223,Brittneyborough,Maryland
656,8063286-K,Ryan Griffin,Mary Fork,2635,New Karen,South Carolina
220,5164984-0,Pamela Camacho,Skinner Junction,2324,Lopezmouth,Missouri
993,5800430-0,Mark Ingram,Smith Square,1138,West Lesliefurt,Pennsylvania
595,7997474-0,Robert Burch,Bryant Turnpike,1086,Foxberg,Oklahoma
250,11398263-0,Daniel Wells,Petersen Cove,3461,Lake Aaron,New Jersey
189,20383479-0,Brittany Nelson,Schwartz Underpass,2610,Brownview,Colorado
944,19878800-K,Maria Smith,Tara Harbors,450,East Nicole,Delaware
436,5647480-K,Richard Jackson,Cox Shore,1857,New James,Washington
266,11862360-K,Alexis Murray DVM,Austin Throughway,722,South Tanyatown,Washington
403,17086384-K,Samantha Lowe,Jasmin Glen,2467,Port Edwardfort,Colorado
243,8363041-K,Yvette Schaefer,Jennifer Brook,437,Lake Charles,North Dakota
431,6631899-0,Carl Lopez,Morrow Unions,607,Port Johnton,North Carolina
821,9728670-0,William Lowery,Luna Ville,4246,Clineburgh,Nevada
278,17013879-0,Devin Johnson,Steele Spring,1292,Adkinsfort,Arkansas
777,13928491-0,Nicholas Li,Dale Rapids,3309,Bellville,South Dakota
558,10767253-0,Allen Dawson,Mark Union,2515,West Brian,Illinois
242,19970761-0,Jennifer Wood,Cobb Roads,1704,East Allen,Iowa
532,15097779-0,Matthew Richardson,Brandy Squares,2593,Karenshire,North Dakota
492,15083224-0,Joshua Dawson,James Run,4642,Wallaceport,Oregon
434,17819538-K,Amber Hall,Monica Mills,217,Kingtown,Alabama
930,19487349-0,Thomas Manning,Robert Extension,1791,Jenniferhaven,Vermont
324,10155765-K,Ariel Galloway,Davis Villages,1138,Port Ronald,Utah
325,7550080-K,Kevin Watson,Thomas Prairie,1739,South Corymouth,Alaska
458,14170375-K,Larry Cooper,Jackson Prairie,578,Hoganmouth,Kentucky
426,9155908-K,Amanda Jones,Michael Parkways,4433,New Andrew,North Carolina
602,20923887-0,Alexander Jackson,Sanchez Drive,4909,Johnsonview,Hawaii
590,16020707-K,Charles Case,Hernandez Courts,4584,New Ashley,Hawaii
311,18258782-K,Jose Salinas,Clark Stream,4283,Janetchester,Nebraska
304,6657923-K,James Williams,Lowe Causeway,4495,West Patriciaborough,Pennsylvania
246,11748631-0,Jennifer Stone,Christian Plains,3231,Jacobhaven,Kansas
463,12130534-K,Nancy Wood,Dorothy Harbor,548,Lake Ryan,Rhode Island
340,9648550-K,Rachel Campos,Stevens Light,3623,West Michael,North Carolina
117,10026086-K,Matthew Lawson,Heidi Port,1131,Brittanyport,New Hampshire
612,13856677-K,Scott Johnson,Jennifer Wall,1132,New Jenniferburgh,Minnesota
955,10627888-0,Megan Potter,Connor Coves,2687,Johnsonmouth,Ohio
611,17488036-0,Steven Copeland,Justin Bypass,2743,North Shawn,Missouri
583,9633003-0,Penny Cherry,Andrew Meadows,3784,Sheliafort,California
628,20947654-K,Jeffrey Nelson,Reilly Hills,2796,South Cynthiaside,Rhode Island
685,13718375-0,Matthew Johnson,Hill Manors,3664,Jenningsport,New York
148,11384022-0,Andrew Cain,Williams Hollow,2727,Christopherville,Ohio
472,20565919-K,Aaron Shaw,Anthony Parkway,2376,Lake William,Delaware
854,10757193-0,Kenneth Shah,Jackson Inlet,1730,Riosfort,Pennsylvania
979,20858434-0,Robert Morris,Jones Station,3292,West Mary,Texas
965,18349945-0,Michele Curtis,Thomas Plaza,1370,Alanstad,New York
365,14177562-0,Ellen Green,Lewis Isle,3711,Sheryltown,Virginia
320,9369930-0,Jeremy Anderson,Edwards Garden,4960,Morrisstad,Virginia
267,20401432-K,Michael Day,Meza Throughway,385,Leeport,Utah
521,15556896-K,Kevin Jones,Parsons Mission,4585,Lake Nicoleberg,Montana
495,16096198-K,Daniel Riggs Jr.,Wilson Islands,3448,Masseyborough,Oklahoma
419,12771665-0,Jill Hernandez,Lucas Flats,115,Coltonmouth,Maryland
159,14506682-K,Jasmine Gibson,Amy Mountains,2137,Thompsonbury,Idaho
566,9212589-0,Joel Nguyen,Thomas Lane,2397,South Tinachester,Louisiana
891,20708986-K,Brian Hunt,Joshua Highway,207,South Justinfort,West Virginia
451,20635127-K,John Moore,Wiley Point,1394,South William,Tennessee
859,6256626-K,April Cox,Sarah Walk,4828,New Jeremyview,Washington
571,14679626-K,Matthew Johnson,Christina Overpass,4453,Simpsontown,Minnesota
483,13913935-K,Phillip Mendoza,Valdez Turnpike,1464,Ianport,New York
505,11289875-K,Noah Barton,Tracy Light,120,New Wendybury,Wyoming
136,13970501-K,David Rivera,Hicks Tunnel,3087,Clementsfort,New York
524,13155773-0,Stephanie Frazier,Kari Pine,4062,South Maria,South Dakota
681,6581420-K,Maria Mitchell,Katrina Unions,367,Amyshire,Arkansas
435,5804911-K,Tracey Austin,Brian Forge,4680,New Dennis,Kansas
172,11574169-0,Robert Goodwin,Suzanne Isle,459,East Shelbyport,Tennessee
480,10394742-0,Kevin Weaver,Schneider Villages,477,Danielview,Maryland
344,6173057-0,George Perez,Dustin Well,2181,Lake Cathyburgh,Tennessee
661,19076703-K,Michael Sanders,Mark Plaza,3050,Lake Justinstad,Iowa
359,19856639-K,Katherine Morrison,Johnson Radial,2249,Royville,Louisiana
899,20500783-0,Jill Jones,Dale Glen,1879,New Randallfort,Colorado
866,10347723-0,Jesse Abbott,Laura Track,2560,South Kimberly,Oklahoma
945,15675946-K,Cheryl Mejia,Jose Spurs,4863,Lake Benjamin,Illinois
210,9310549-K,Robert Richardson,Owens Square,3947,Harrisonfurt,Indiana
346,15965543-K,Megan Thomas,Christina Drive,408,Aarontown,Rhode Island
504,18625715-0,Jill Wilson,Anderson Island,4318,Perezberg,Tennessee
225,6210344-0,Rebecca Johnston,Melinda Club,120,Moralesview,Georgia
381,14227684-K,Stephanie Andrews,Melissa Plaza,1018,West Justinborough,Utah
540,13532177-0,Marcia Lloyd,Emma Pines,3115,East April,Colorado
450,5403050-K,Donald Quinn,Bartlett Estates,3460,Rodneyside,South Dakota
925,11359675-K,Catherine Parker,Julie Island,2823,East John,North Dakota
199,19893986-K,Cheryl Wilcox,Elizabeth Haven,1957,Melissamouth,New Jersey
519,8199021-0,Linda Duarte,Sara Wall,1491,Lake Kristen,Utah
319,5943796-K,Mark Larson,Matthew Walk,3503,Port James,Pennsylvania
527,8035312-K,Felicia Mason,Robert Avenue,549,West Shawntown,Massachusetts
669,19927223-0,Marissa Gordon,Glen Circle,228,Piercebury,Wisconsin
562,8494814-K,Douglas Miller,Campbell Forks,2645,Hernandezside,Iowa
644,11318708-K,Caitlyn Lane,Donald Shores,665,Port Scotttown,Hawaii
973,13074280-0,Brian Evans,Jeffrey Court,1904,Lake Samanthaborough,Maine
198,5311419-K,Crystal Johnson,Gonzalez Springs,2808,Longshire,Arizona
610,15036338-0,Jason Gutierrez,Barr Point,3271,Anthonytown,Alabama
593,17916646-K,Jerry Morris,Jennifer Glens,3020,Calvinton,California
282,19373768-0,David Miller,Matthew Streets,2641,Lake Michaelbury,Alabama
367,16610100-0,Marie Lawson,Martin Camp,1829,Lake Jennifer,Texas
379,12417945-K,Jessica Robinson,Todd Center,691,Williamview,Maryland
420,18066786-K,Paul Bailey,Mckenzie Land,2565,Jasonberg,West Virginia
613,9804726-K,Patrick Brown,Middleton Pike,710,Lake Ebony,Hawaii
287,6953914-0,Robert Mitchell,Gregory Fall,4175,Russellmouth,Arizona
247,18845050-K,Diana Davis,Cynthia Summit,3616,Lake Michelle,New York
831,16690550-0,Nicole Davis,Robert Plain,557,Reidside,Hawaii
557,7483594-K,Amanda Johnson,Michael Shores,2739,Gibsonchester,Massachusetts
723,12820756-K,Anita Arnold,Sarah Ford,63,Newmanport,New Mexico
101,17482821-0,Peter Roberts,Robert Bridge,2802,Cartertown,New Hampshire
456,11686936-0,Brittany Shelton,Madeline Expressway,3482,Bellton,New Hampshire
684,17564247-0,Brenda Daniels,Richardson Branch,284,Blakefort,Connecticut
851,7917353-0,Charles King,Perez Springs,4664,Lake Christopher,Kansas
783,20087284-K,Jason Robinson,Brandon Ferry,3910,Heathermouth,Ohio
188,16776200-0,Michelle Oconnell,Roberts Meadows,2125,Port Phillipbury,Oregon
605,20511020-K,Jennifer Weber MD,William Radial,1451,Port Alyssa,Rhode Island
580,10709988-0,Carrie Douglas,William Circle,2798,Lake Jesse,New Mexico
537,17122133-K,Ana Wilson,Juan Springs,1190,Annamouth,Idaho
797,7298570-K,Christopher Mcintyre,Fletcher Ridge,2627,South Michaelstad,Indiana
616,15430016-0,Jose Tucker,Bell Valleys,3601,Graveshaven,California
274,7339319-K,Joy Pennington,Angela Point,562,South Joseph,Michigan
520,13198046-K,Kyle Peters,Michelle Summit,4352,Stephaniestad,Pennsylvania
996,16938860-K,Amber Wilson,Edwards Viaduct,1542,Nicolechester,Georgia
375,17863033-0,Christopher Sims,John Wells,2107,Lake William,California
799,9042319-0,Nicole Arnold,Hanson Crossroad,4340,Williamstown,Arkansas
192,20848738-K,Gregory Schaefer,Kelley Drives,2883,East Jodi,Colorado
380,20878564-0,Joseph Willis,Smith Island,4828,East Andreabury,Pennsylvania
541,14423182-K,David Duncan,Ramirez Valleys,370,South Jennifer,Idaho
428,13039487-K,Gregory Thomas,Stone Turnpike,1748,Brennanfort,Utah
889,20809660-K,James Freeman,Cole Roads,1298,Lake William,Tennessee
433,18327588-0,Daniel Johnson,Jason Oval,1315,Sarahchester,Vermont
185,10385081-K,Stephanie Johnson,Kelly Place,2950,New Jean,North Dakota
399,16938301-0,Nicole Baker,Jessica Cove,2582,East Christinastad,Mississippi
621,13824620-K,Ashley Gutierrez,Julia Shore,4609,New Stephanieville,Wyoming
226,20445859-K,Devin Murray,John Oval,3132,East Matthewbury,Alabama
374,5543734-0,Susan Kaiser,Young Mill,4508,New Dennis,Oregon
169,7273776-K,Samantha Perez,Matthews Squares,1270,Lake William,Wisconsin
581,7720151-0,Randy Massey,Kyle Route,1931,Chelseaville,Oklahoma
284,5669139-K,Christina Cunningham,Brett Lights,2457,Lake Dawnview,North Carolina
341,20986753-0,Tammy Stokes,Dixon Knolls,3851,Samuelhaven,Nebraska
452,11889582-0,Amanda Owens,Bryce Summit,697,Davidmouth,Alaska
132,14495041-K,Alicia Sharp,Grace Oval,791,West Daniellefort,South Carolina
378,18139599-0,Kathleen Perez,Timothy Key,2411,Lake Mitchell,Montana
122,16978048-0,Tammy White,Timothy Meadows,799,Gonzalezberg,Louisiana
411,18897077-0,Christy Green,Lisa Oval,919,East Shawnfort,North Dakota
853,12966917-K,Anthony Hill,Allison Crescent,3400,East Joseph,Pennsylvania
620,12477090-0,Isabel Nguyen,Juarez Parkways,408,Angelachester,New Mexico
607,19912091-K,David Taylor,Beverly Ridges,2830,Butlerhaven,Georgia
800,16449830-0,Larry Johnson,Gregory Drive,2287,Stonefurt,Kentucky
215,5101433-K,Kiara Roman,Christopher Place,1951,New Lauren,Florida
502,8892931-0,Jonathan Miller,Aguilar Meadows,2865,Lake Jamie,Iowa
857,16073402-0,Linda Boyle,Louis Street,1282,Anthonyside,Mississippi
904,11876093-0,David Mckinney,Dean Row,897,New Theresatown,Missouri
182,9314089-K,Dwayne Turner,Luis Curve,567,Rogersfurt,Nebraska
983,20280064-0,Derek Pruitt,Meghan Heights,3405,Annetteberg,Wyoming
161,20492898-0,Steven Combs,Arthur Springs,3524,Bethanyview,Massachusetts
142,9062065-0,Jonathan Powell,Katherine Green,275,Webbville,South Carolina
913,11353768-0,Scott Stuart,Robert Oval,52,Lake Kelly,Alaska
300,6667706-K,Matthew Jones,Johnson Burg,945,Ericburgh,Delaware
962,20145012-K,Katherine Murillo MD,April Plaza,3362,Kevinton,Massachusetts
649,8571724-0,Ashley Wood,Jake Haven,3957,Joycemouth,Georgia
202,6818031-0,Rhonda Stevenson,Wilson Ports,4240,Brooksbury,South Dakota
555,7584497-K,Kimberly Heath,Harvey Isle,45,Port Richard,Georgia
386,11842722-0,Natasha Richardson,Erika Plains,2481,West Barbara,South Carolina
870,20917233-0,Justin Cochran,Smith Lane,3022,Riveraborough,Massachusetts
957,11367045-K,Wendy Davis,Crawford Parks,4267,Wagnerburgh,Wisconsin
102,13792617-0,Alexandra Casey,Bartlett Key,4900,Port Heidistad,Iowa
473,12327422-0,Ana Lucas,James Dam,4528,Jonathanmouth,Utah
261,5396413-0,Jessica Miles,Morris Row,3201,West Patricia,Arkansas
868,16382732-0,Robert Kramer,Jill Harbor,1923,South Melissaburgh,Arkansas
445,17897542-0,Kevin Chavez,Tracy Alley,1495,Lake Jessica,Colorado
471,13164996-0,Jamie Parker,Ryan Light,3410,Murphyside,Alaska
551,10333744-0,Patrick Pham,Travis Mountains,3872,New Wendy,Florida
632,10647108-0,Krista Martinez,Phyllis Greens,4003,North Monicaview,New Jersey
279,9327576-K,Mindy Hunt,Booth Street,3200,Johnsonshire,Illinois
413,8505507-K,Kayla Morse,Madden Pines,3179,Kristinstad,Alabama
667,7046136-K,Jordan Medina,Rose Cliffs,2081,South Alanside,Maine
565,6045327-0,Bridget Smith,Cheryl Station,3861,North Amanda,Missouri
216,15650188-K,Victor Cunningham,Martin Junctions,549,New Johnview,California
508,16911033-K,Brianna Frey,Jennifer Radial,1749,South Felicia,New Hampshire
356,15634752-0,Darryl Robinson MD,Schmidt Skyway,3833,East Melissaburgh,Mississippi
121,11939281-0,Christie Farmer,Burton Cliffs,4106,West Ronaldhaven,Indiana
277,10147497-0,George Stevens,Horton Brooks,4959,Williamshire,Alaska
491,17103059-0,Bobby Gardner,Castillo Stream,2894,West Deannaview,California
594,12479773-K,Darlene Arnold,Smith Flat,1431,East Kennethmouth,Oklahoma
643,9990652-K,Eric Douglas,Franco Manor,3980,East George,North Dakota
211,6556729-0,Erin Briggs,Robles Mount,4810,Port Keith,Vermont
364,18217075-K,Brian Dillon,Bryan Vista,1283,East Lisa,New Hampshire
729,6683542-0,Lisa Nicholson,Dustin Expressway,4063,New Kristen,Alabama
151,18417493-K,Bryan Miller,Shawn Tunnel,1020,Port Susan,New Hampshire
752,16339467-K,Shannon Roberts,James Walks,3092,Lake Stacyhaven,Maryland
755,13565849-0,Mary Le,White Trail,658,Franklinville,North Dakota
294,12988310-K,Kathleen Keller,Jordan Branch,993,Lambberg,Florida
394,10918602-0,Amber Johnson,Baxter Tunnel,1499,North Justin,Iowa
534,6230340-0,David Young,Robert Union,2730,West Sylviahaven,Wyoming
676,16098950-0,Rita Rodriguez,Guerrero Track,2088,East Aprilside,South Dakota
639,20897588-K,Robert Cox,Amy Flat,2444,Jessicachester,New Mexico
564,5671492-0,Jasmin Cummings,Robin Square,4073,Port Kylieville,Montana
663,18616553-K,Michelle Duarte,Stone Streets,3568,East Megan,Wyoming
113,15737271-K,Joseph Hill,Sara Parkway,4786,Leestad,Indiana
339,18449445-0,Kurt Anderson,Munoz Summit,2388,Mccalltown,Colorado
406,10744577-K,Makayla Richard,Misty Meadows,1257,Nathanton,Wyoming
959,14472975-K,Ronald Abbott,Buchanan Island,2017,Cherylmouth,Hawaii
843,18021254-K,Kristen Tran,Cody Glens,2894,Lewishaven,Maryland
271,10131098-K,Joshua Gomez,Smith Spur,3032,Michaeltown,Alabama
347,13159931-K,Lisa Lewis,John Lock,4377,Richardsonchester,North Dakota
720,17962399-0,Denise Hensley,Andrea Alley,2119,Gonzalezland,Maryland
617,8075893-K,Shawn Miller,Garcia Light,367,Wattsbury,Vermont
158,13245017-K,Tyler Rasmussen,Michael Passage,2266,East Stephen,Hawaii
861,9275288-K,Angela Hernandez,Bryan Hills,2046,Mckenziestad,Iowa
871,20978675-K,Corey Wilson,Carl Station,2347,East Thomas,Pennsylvania
603,13383450-K,Deborah Miranda,Jones Village,62,Tinachester,Hawaii
322,16088394-K,Benjamin King,Kelli Walks,3986,Harrisberg,Oregon
177,13061981-K,Wendy Nichols,Theresa Crossing,3770,Alvarezfort,Minnesota
582,6662108-K,Melissa Wolfe,Freeman Spurs,1645,Marquezmouth,Kentucky
352,17672927-K,Betty Wright,Scott Glen,2542,Raymondton,Vermont
609,19628775-0,James Baird,Mcgrath Burg,4333,Carrollchester,Wyoming
334,20891972-K,Susan Myers,Jones Prairie,2183,Thompsonfurt,Tennessee
978,9994256-0,George Ellis,Jacobson Points,2624,Jameschester,Hawaii
740,16091601-0,Amanda Wilkinson,Taylor Ford,2969,Jonesview,Florida
858,13986778-K,Kristin Smith,Smith Greens,2599,Port Elizabeth,Connecticut
757,16053247-K,Terry Young,Hatfield Lights,4733,Port Timothyshire,Alabama
332,8754627-K,Victor Preston,Brown Drives,987,Edwardport,Florida
634,18564245-0,Karen Johnson,Brittany Vista,2964,West Jaredside,California
283,5783979-K,Heather Williams,Michelle Land,2819,Smithhaven,Oklahoma
104,16365165-K,Jeffrey Rivera,Paul Pass,4179,Kirkberg,Rhode Island
460,6440894-K,Eric Novak,Stephen Shoals,1034,Lucasberg,Hawaii
793,14129199-K,Susan Davis,Dixon Coves,571,Robertsstad,West Virginia
575,10115553-K,Donald Bowers,Cameron Grove,1875,Jenkinsmouth,Alabama
677,14076664-0,Michelle Nelson,Maxwell Skyway,3414,Rebeccaberg,New Mexico
531,12039086-0,Dr. Maria Chavez,Kyle Mountains,3379,North Sharon,Missouri
467,10096513-K,Bobby Shea MD,George Drive,247,Lesliestad,Wisconsin
276,19153611-K,David Miller,Robles Key,4955,Jillton,Arkansas
416,9873602-K,Victor Brown,Shaffer Alley,2707,North Matthew,North Dakota
259,5691727-0,Barbara Walker,Brown Pine,963,Port Joel,Pennsylvania
627,10269361-K,Melissa Trevino,Johnson Prairie,4219,New Darryl,Nevada
920,12936103-0,Kristina Tucker,Copeland Manor,87,Lake Dianetown,Washington
689,14143237-K,Darryl Jones,Johnson Union,375,Camposberg,Colorado
543,18419024-K,Ruben Jackson,Lisa Mount,1913,East Shane,West Virginia
330,20152110-K,Christopher Mcpherson,Orr Isle,4400,West Chelseaport,Iowa
994,14473392-0,Alyssa Castillo,Laura Orchard,4003,Port John,Arizona
623,12240956-0,Kevin Hall,Hart Pass,4970,Katherineside,Indiana
253,16022460-0,Margaret Harris,Sanders Turnpike,3411,Richardmouth,Michigan
125,9329075-K,Anthony Sullivan,Jose Inlet,2963,Bartonbury,Wisconsin
862,20110765-0,Billy Flores,Armstrong Way,2567,South Steven,Mississippi
297,5755565-0,Stephen Sanchez,Angela Path,4553,Richardsonborough,Oklahoma
298,12160108-0,Richard Nguyen,Nixon Green,2017,Jasmineshire,Oklahoma
573,5387543-K,Connie Harrison,Martha Mountain,3010,New Ann,Michigan
355,5029957-K,Edward Nguyen,Beasley Skyway,265,Schmidthaven,Colorado
342,6613894-0,Susan Gregory,Duffy Extensions,2153,Lake William,Alaska
417,14284932-K,Wendy Greer,Vargas Mountain,1911,West Christopher,Michigan
449,19607124-K,Luis Warren,Douglas Mission,2963,Lake Timothy,Texas
570,16253599-K,Dave Bell,Turner Crest,2041,Wrightfort,West Virginia
201,11436632-0,Raymond Lewis,Julie Landing,4988,Sloanport,Maine
629,8581755-0,Timothy Lee,Matthew Isle,3716,East Terry,Delaware
636,16352416-0,Lisa Soto,Henderson Flats,2835,West Rachel,North Dakota
135,16170887-K,Casey Garcia,Edward Trail,3107,East Dianatown,Oregon
503,15719534-0,Jacob Hanson,Sanders Vista,1011,West Stephanie,Florida
366,9552175-K,Shirley Mcgrath,Rodriguez Bridge,387,East Brianview,Iowa
638,5145696-0,Andrea Jackson,Dylan Branch,4033,West Todd,Wisconsin
981,15037408-0,Lisa Ellis,Wright Plains,4765,East Samanthabury,Montana
459,9138201-0,Dr. Alec White,Kimberly Village,2240,South Dominic,Missouri
576,11512786-K,Lori Frye,Nelson Haven,2304,Douglastown,New York
408,8495074-0,Christopher Kaufman,Deleon Lodge,3989,Andreastad,New Jersey
206,18139251-K,Regina Burke,Russell Unions,4903,West Rebeccaport,Mississippi
918,12391213-K,Becky Love,Hardin Island,2169,West Jonathan,North Dakota
295,19384612-K,Michael Crosby,Turner Plain,924,West James,Montana
560,8128742-K,Antonio Lee,Reyes Square,2746,Nealchester,Hawaii
848,19991284-0,Cody Wade,Tyler Haven,4689,Port Wesley,North Carolina
936,6964759-0,Janet Mcdonald,Pittman Estates,649,New Robertmouth,Mississippi
810,12629673-K,Rebecca Moreno,Katie Stravenue,4289,Davisshire,Utah
388,9538179-K,Shane Taylor,Tammy Fork,1905,Tinaview,Hawaii
116,9301645-0,Mr. Brian Owens MD,Angela Path,2119,South Christopherfort,Texas
539,18351899-K,Kristina Munoz,Young Valleys,1503,East Catherineborough,Alabama
488,11077805-K,Andres Hawkins,Jacob Freeway,480,Ballview,Wyoming
513,6684973-K,Jerome Anderson,Lisa Avenue,4276,Maryside,Iowa
218,9201244-K,Brianna Moon,Scott Viaduct,4169,Lake Dannyville,Louisiana
577,15413202-0,Marc Collins,Bowman Summit,4069,South Sandrabury,Hawaii
194,6599890-0,Lindsey Garcia,Alex Dam,4510,Lake Juliashire,New York
724,8726272-K,Kelly Hill,Rebecca Land,3684,Nicholstown,Illinois
538,13015785-K,Michael Torres,Miles Cliff,4718,West Nancy,Mississippi
321,14268669-0,Jerome Jones,Mcdonald Glen,188,Vaughanport,Alabama
572,7661853-K,Thomas Hopkins,Orozco Route,4029,Port Gregorychester,Oregon
668,16146841-K,Dr. Jordan Alvarez,Toni Forges,4635,Davidstad,Iowa
999,6085740-K,Stephanie Brown,Adrienne Shoals,1939,South Kimberly,Arkansas
963,6868158-0,Eric Martinez,Thomas Orchard,2459,Acevedohaven,Missouri
662,8170360-0,Leah Dalton,Johnson Vista,2340,Beckhaven,Nevada
358,16589461-K,Meredith Thompson,Matthew Lake,1599,Port Victoriahaven,Missouri
956,14195100-K,Linda Davis,Ryan Estates,1707,South Amber,Mississippi
914,13819304-0,Jeremiah Reed MD,Jonathan Villages,390,North Wendyland,Nebraska
328,16094727-0,Anthony Rios,Harrington Walks,4429,Gregoryshire,Iowa
966,8771068-0,Caroline Daniels,Alvarado Knoll,3946,South Codychester,Utah
969,19199334-K,Amy Mitchell,Gray Ramp,3321,West Dana,New York
160,6180311-0,Ana Rivera,Erin Plain,3636,Monicaland,Oklahoma
139,5644624-K,Kimberly Morales,Ferguson Orchard,1450,South Shawnaport,Utah
343,5582699-K,Crystal Wood,Newton Brooks,4061,South Jaimeland,Oregon
569,16984579-K,Amy Johnson,Barrett Ranch,3790,Taylormouth,Wyoming
690,20929541-0,Christopher Smith,Berry Glen,288,West Stephanie,New Hampshire
251,5854211-0,Jamie Gamble,Gray Rest,742,Tiffanyburgh,Pennsylvania
509,14350127-0,Jeffrey Humphrey,Jenkins Squares,2334,Johnsonside,California
190,14314766-0,Debra Green,Ryan Heights,3130,West Johnmouth,Montana
992,19796395-K,Anthony Carlson,Wendy Mission,4763,East Edward,Oregon
174,12922487-0,Heidi Lynn,Carroll Mission,4702,West Jacobside,Indiana
115,16278304-0,Miss Tina Williams,Lindsey Creek,1977,Davisburgh,Maryland
895,8593379-K,Kevin Suarez,Stone Roads,2433,South Donaldtown,West Virginia
506,10480523-0,William Snyder,Sanchez Ports,2921,Lake Cassandra,Louisiana
637,19235291-0,Bobby Coleman,Sarah Shore,2613,West Michael,Louisiana
795,10560971-0,Amanda Torres,Grant Key,863,Lewisfort,New Mexico
134,10113234-K,William Thomas,Amanda Divide,3257,Bennettmouth,Maryland
314,13143674-0,Kathryn Barber,Stephanie Points,3580,Toddchester,Tennessee
598,17663639-0,Dana Davis,Trevino Meadow,2115,Longport,Maryland
753,16934117-K,Austin Watson,Flowers Motorway,1176,Lisamouth,Wisconsin
901,10951212-0,Curtis Walker,Brad Centers,2318,Port Zachary,Virginia
429,6225725-K,Brittany Perez,Blake Port,205,Davidville,Texas
203,12591592-0,Kevin Baxter,Deanna Ranch,1181,Mooreport,Alabama
493,8685389-0,Abigail Merritt,Peter Centers,4958,East Lauramouth,Maine
514,5693347-K,Joshua Smith,Griffin Vista,742,Nicoleside,South Carolina
368,9291805-K,Steven Jackson,Ball Mount,370,West Allisonfort,Illinois
675,16665546-0,Tammy Mcdonald,Wells Freeway,1093,West Jennifer,New Hampshire
977,10980903-0,Matthew Wallace,Andrew Drive,658,Lake Andrew,Mississippi
238,13022151-K,Nicholas Martin,Jacobs Heights,4601,New Dawntown,Wisconsin
124,18046608-K,Mary Ali,Castro Village,1421,South Kennethville,Colorado
301,12822824-0,Stephanie Taylor,Mccarthy Greens,1612,Port Bradleymouth,Iowa
288,6277898-0,Deborah Choi,Cody Fields,1050,East Julie,Michigan
123,13016210-K,Jessica Brown,Kelly Curve,961,North Johnberg,South Carolina
415,19826184-K,Emily Smith,Taylor Flats,3243,Georgechester,Oregon
221,7931918-0,Keith Carlson,Riggs Locks,2789,East Shawn,Idaho
137,18392698-0,Alyssa English,Ramirez Alley,3631,Wilsonstad,Mississippi
181,15809928-K,Christopher Richmond,Nelson Stravenue,1184,West Marcus,New Mexico
395,11325277-K,Valerie Stevenson,Patrick Highway,3168,Timothybury,Idaho
952,19667440-0,Jennifer Thompson,Smith Inlet,139,New Angelica,Arizona
908,8650552-0,Sarah Glover,Anderson Circle,1987,Gonzalestown,Rhode Island
803,18062896-K,Beverly Phillips,Martinez Crossing,1383,Port Lisafort,California
507,9491029-0,Luis Jordan,Emily Divide,4600,Lake Ryan,Montana
233,16060530-0,Carol Bradford,Melissa Cliffs,2577,Rodriguezbury,New York
350,10876096-K,Danielle Russell,Joseph Points,1327,New Christyfurt,Vermont
683,5642002-0,Andrew Bradshaw,Ruben Land,3143,Brittanyfort,Virginia
601,11527022-K,Crystal Rivera,Morales Harbors,565,Lake Tammy,New Jersey
991,16692328-0,Matthew Lopez,Amanda Route,4204,West Crystal,Florida
345,16453827-K,Edwin Bell,Jessica Loaf,1540,South Jerry,Wyoming
948,17975552-0,Monica Smith,Moore Lane,3986,South Katrinashire,Idaho
461,7172456-K,Dean Ford,David Fields,4721,Fuentesshire,Massachusetts
130,6961482-0,Lisa Hoffman,Garrett Squares,769,Lake Rebecca,Oklahoma
112,20324222-K,Jason Mccullough,Kim Court,359,South Abigail,Ohio
844,9721269-K,Cathy Chambers,Dorsey Creek,4460,South Lisa,Vermont
157,16720636-0,Scott Rogers,Wallace Locks,421,Roseberg,Connecticut
678,14790604-0,Andrew Johnson,Mendez Islands,4618,Sellersbury,Kansas
357,9627234-K,Matthew Rodriguez,Gamble Forks,1563,New Lorishire,Iowa
145,20486106-K,Jessica Cox,Pitts Hills,1190,Chadfort,Missouri
584,14534171-K,Debra Garcia,Nicole Shore,2158,New Pedro,Iowa
337,16673945-0,Gary Braun,Susan Overpass,3579,West Samanthaland,Wisconsin
222,7680598-K,Teresa Casey,James Spurs,1496,West Joannaburgh,Utah
232,20279498-0,Paul Lyons,Andrew Hill,2216,Longbury,Hawaii
701,14830112-K,Brandon Welch,Kara Common,221,Tamarashire,Arkansas
401,5926947-K,Christopher Lee,Matthew Overpass,2386,West Amandashire,Delaware
874,10235463-0,Jennifer Rodriguez,Elizabeth Underpass,4268,Ianshire,Wisconsin
671,8306730-K,Becky Richardson,Miranda Flats,2699,South Alexandra,Tennessee
986,8245498-0,Jacob Ray,Eric Port,4914,Lake Kelly,California
727,7931143-K,Brian Espinoza,Austin Shores,4528,West Sarah,Maryland
214,12201063-0,Olivia Perry,Cherry Mall,3481,South Jasonside,Maryland
559,19800518-K,Jennifer Edwards,Marcus Trace,2193,South Dawnside,Alaska
354,5447011-K,Emma Gonzalez,Allison Ridges,609,New Michaeltown,Tennessee
692,11976121-0,Wayne Rodriguez,Davis Place,2739,West Daniel,Nevada
208,20592600-K,Ryan Smith,Christopher Flat,2187,Dennisburgh,Delaware
156,5578151-0,Brenda Thompson,Jenna Skyway,340,New Matthew,Louisiana
361,6041851-K,Reginald Hooper,Cox Estates,2243,Port Stevenview,Idaho
659,8857271-0,Hannah Riley,Nicole Extension,3567,North Stevenmouth,Nevada
316,8751828-K,Carl Garcia,Jackson Station,3660,Lake Victoriafort,North Carolina
518,17517818-K,Thomas Moreno,Shea Branch,2644,South Stephanieborough,Kentucky
869,6756496-0,Katie Vasquez,Jones Squares,1924,West Patrickton,Kentucky
896,10468496-K,Samantha Davis,Johnson Lights,3743,Kimberg,Nebraska
526,7164981-K,Jason Adams,Hess Trail,819,New Robertfurt,Illinois
252,10753666-K,Robert Williams,Chaney Loaf,429,Jamesbury,Alabama
207,9696240-K,Diana Carey,Hancock Lakes,4645,Port Theresa,Maryland
693,9260399-0,Robert Kelly,Danielle Meadow,1025,New Blake,North Dakota
398,15719865-0,Helen Mcknight,Theresa Fork,1679,New Sophia,Florida
187,18480065-0,Mitchell Murphy,Patel Station,2704,East Paulburgh,Utah
932,5444888-K,Stephanie Walter,Jacob Falls,4045,Huffstad,Oklahoma
746,20131614-0,Amanda Browning,Russell Mill,4135,New Tamaraville,Rhode Island
694,12846529-0,Amy Bolton,Teresa Circles,85,West Donald,Louisiana
951,11635104-K,Raymond Gilbert,Johnston Roads,3841,Lake Derektown,New York
839,12502346-0,Garrett King,Wesley Road,308,Clineview,North Dakota
424,18741075-0,Vanessa Jackson,Wright Plains,4824,North Hayleytown,Arizona
652,11345331-K,Brandon Chavez,Anthony Rue,1750,West Justinburgh,Kansas
106,19262211-K,Victoria Burgess,Martinez Fords,250,Williamsview,Utah
995,18456479-0,Holly Sanchez,Michelle Plaza,1745,Lake Nicholasfort,Utah
197,12402979-0,Anthony Johnson,Debra Brook,3491,Johnsonmouth,Kansas
674,12116959-0,Tammy Reed,Courtney Roads,4818,Lake Katie,Wisconsin
734,16795138-0,Steven Christensen,Lydia Walk,1886,North Susan,South Dakota
175,12260944-K,Casey Strong,Brian Mission,1977,South Kennethtown,California
872,17816788-0,Kyle Fox,Richard Rapid,142,West Brittanyberg,Oklahoma
953,8583709-K,Victor Morales,Gutierrez Center,3068,Daniellefurt,Indiana
764,5897252-K,Xavier Petty,Catherine Underpass,2823,North Wandachester,Kansas
224,9712545-0,Angela Owens,Shannon Overpass,3826,South Mark,Kansas
528,20384893-K,Michael Bullock,Gonzalez Village,3810,Jefferyside,West Virginia
497,11960852-0,Patrick Li,Christopher Unions,1401,Baileyville,Maryland
615,17192649-0,Jerry Allison,Castillo Rapid,973,South Reneeshire,Oklahoma
589,19116128-K,Lisa Smith,Elizabeth Locks,106,Wilsonburgh,Colorado
949,9791312-K,Danielle Pope,Melvin Bridge,940,Lake Shellyfurt,Massachusetts
453,18144373-K,John Cooper,Banks Run,3847,Port Sarahfurt,New Mexico
759,6603243-K,Matthew Tucker,Regina Knoll,822,Woodfurt,Alaska
496,12154371-K,Emily Reed,Campbell Viaduct,3561,Bellstad,Wisconsin
626,17455042-0,Stephanie Jordan,Katherine Overpass,4417,Robinsonland,Nebraska
412,9637956-K,Cassidy Dudley,Elizabeth Villages,3127,Michaelstad,Alabama
856,7158194-K,Gabriel Santos,Brooke Mission,1442,Bradfordtown,Minnesota
484,14455342-K,Mark Torres,Lawrence Trail,940,South Christina,Utah
549,20382509-0,Chelsey Petty,Robinson Burgs,1870,Steeleville,Virginia
166,14815038-0,Daniel Harris,David Walk,4119,North Rhonda,Georgia
268,6015326-K,Alex Hunt,Anderson Crescent,3733,Matthewchester,Kentucky
511,7058280-0,Caitlin Gray,Cole Knoll,4360,Lake Tiffany,New Jersey
241,6419941-K,Ann Obrien,Williams Spurs,80,Elizabethfort,New York
291,7086939-0,Suzanne Armstrong,Fisher Walk,1039,South Olivia,Colorado
256,15677548-0,Colleen Reyes,Smith Brooks,4912,Wallland,Colorado
209,9423004-K,Jeremy Armstrong,Melinda Alley,1786,Port Lori,New Hampshire
128,5954206-0,Jacob Parks,John Cliffs,4054,Lake Zachary,Pennsylvania
240,9964472-0,Samantha Turner,William Ferry,1355,Port Lucasview,South Dakota
591,6516695-0,Monica Thompson,Samantha Squares,4547,Williamsshire,Kansas
114,11503467-K,Diana Kim,Kristen Prairie,2276,North Stephenshire,Minnesota
654,6382831-K,David Howell,Kenneth Views,4686,North Kennethland,Maine
165,6919119-K,Jesse Mullen,Morris Mountains,2345,Caseyside,Wyoming
457,13938250-K,Joanna Huber,Daniel Walk,1689,Myersbury,Georgia
756,12903158-0,Adrienne Sullivan,Lowe Wall,3196,Lake Mirandamouth,North Dakota
758,9369103-K,Elizabeth Stephens,Jose Mall,4927,North Laura,Alabama
444,11275937-K,Jessica Dickson,William Brook,1322,South Gregory,California
655,15549206-K,Timothy White,Rachel Lodge,525,Lake Angelabury,Illinois
792,16055836-0,James Skinner,Malik Street,2563,Transtad,Missouri
126,12979023-0,Nathan Powell,Rebecca Mission,2154,North Kennethchester,Maine
299,14719328-0,Isabel Wright,Hill Pike,2243,Rebeccafurt,Alaska
608,18320490-K,Mark Wilkinson,Sherry Ports,33,Benjaminfurt,Georgia
706,18155627-0,Marcus Williams,David Village,2853,Rodriguezside,Florida
153,18890099-0,Eric Ayers,Sarah Track,1074,Henrytown,Vermont
258,19788664-0,Nancy Watson,Weaver Oval,3896,Lake Meghan,New Mexico
421,17585169-K,Robin Evans,Oliver Spring,1453,Port Bethany,New Mexico
422,19771464-0,Mrs. Jessica Ramos,Romero Causeway,2369,Butlermouth,Wyoming
586,16784257-0,Angela White,Sandoval Street,2145,North Lindaton,Kentucky
876,9995785-0,Crystal Rivera,Meghan Ridges,4627,Allenberg,Maine
733,18812927-0,Kristen Ward,Lewis Ferry,23,Clarktown,Minnesota
647,5951201-0,Daniel Becker,Hendricks Estates,1795,Robertport,Alaska
296,11398512-0,Christopher Nielsen,Mindy Common,3698,Timothyside,Mississippi
922,20112615-K,Kristen Reeves,Joseph Highway,3558,East Michael,California
890,18724973-0,Sara Dean,Turner Islands,2472,Mannchester,South Dakota
516,10802766-0,William Malone,Zachary Meadows,1376,Rayton,North Carolina
373,15595287-K,Leslie Davis,Smith Trail,3820,East Jenniferview,Massachusetts
845,16573402-K,Desiree Chapman,Wanda Union,1612,West Allison,Hawaii
794,18190387-K,William Klein,Holt Brooks,614,Deckerburgh,Missouri
349,6470629-0,Michelle Tyler,Antonio Glen,3951,Stevenstad,Washington
200,12338885-0,Nicole Rojas,Virginia Manor,3574,Poolefurt,Rhode Island
708,14716006-0,Kenneth Steele,David View,2459,West Ashley,Louisiana
940,10867219-0,Darlene Preston,Ayala Passage,1934,East Paul,New York
235,10375147-K,Erin Tran,Johnny View,191,Port Natalieton,Oklahoma
536,5974048-0,Allison Reid,Davis Tunnel,3224,West Pamela,Wyoming
383,12569883-0,Tyler Johnson,Anthony Canyon,3333,Cynthiaville,Illinois
530,17841386-K,Ryan Rios,Harrington Row,729,Tabithamouth,New Mexico
255,15621674-0,Christine Hill,David Avenue,3232,West Nicolefort,Arkansas
336,18766384-0,Tyler Ramirez,Ayers Valleys,1673,Cameronside,Mississippi
567,7110249-0,Barbara Allen,Ashley Branch,1447,South Kennethport,Louisiana
988,8386513-0,Heather Williams,Ashley Tunnel,1559,New Donnatown,Arizona
454,14190260-K,Ricky Zavala,Daniel Summit,1474,Larsonfort,North Carolina
903,10587641-K,Kristi Drake,Angela Isle,2302,Haysburgh,New Mexico
363,16519074-K,David Jacobson,Michele Expressway,569,New Jacob,Alaska
446,5505453-K,John Miller,Bonnie Manor,4012,Port Garyhaven,Nevada
798,14252087-K,Jorge Ellis,Carrie Ville,925,Smithborough,New Jersey
133,14711640-0,Adam Jones,Dominique Path,3697,East Nataliemouth,Alabama
162,7680319-K,Jeffrey Smith,Perez Forks,3425,Port Jonathan,Arizona
281,15579192-K,George Keller,Julie Mall,2214,New Benjamin,Minnesota
964,18602207-K,Gina Khan,Andrew Forge,4909,Wangborough,Ohio
728,16950439-K,Jordan Cole,Deborah Ramp,2035,East Matthew,Alaska
548,15811844-K,Kurt Jackson,Morrison Drives,3976,Port Lindseyland,Hawaii
950,5141975-0,Catherine Brown,William Overpass,2879,Mitchellmouth,Florida
103,18009833-0,Jack Bates,Andrea Locks,3367,East Alejandrafort,Massachusetts
604,15720026-K,Kimberly Dawson DVM,Gardner Street,2688,South Valerie,Kentucky
547,17953250-0,Kevin Young,Burns Flat,4701,Lake Cristianstad,Rhode Island
335,12105064-0,Michael Flowers,Morgan Drive,4135,Amandashire,Vermont
430,11840956-0,Amy King,Rodriguez Neck,2140,West Pamela,Wyoming
290,11989190-K,Jamie Davis,Johns Ports,3387,Lake Jamie,Colorado
786,5077998-0,Katherine Marsh DVM,Castillo Club,603,Haydenhaven,Washington
443,11659141-0,Megan Webster,Kathleen Mountains,1955,East Christina,New Mexico
554,14043620-K,Elizabeth Dunn,French Row,4462,Lake Erikburgh,South Carolina
725,17700936-K,Alfred Chaney,Young Ports,1295,South Sherry,Kansas
646,9552996-0,Jeremiah Li,Stephanie Crest,3871,Lake Brookeburgh,Kansas
387,19109367-0,Denise Cole,Michael Ridges,1888,Pattersonstad,Montana
333,17122874-K,Alan Miller,Cox Squares,1472,Riveraton,Oregon
990,18608327-0,Samuel Alvarez,Hughes Orchard,4036,Crystalport,North Dakota
911,11384407-K,Karen Thomas,Lewis Road,2513,Krauseborough,Maine
111,5554941-0,Marie Frederick,Jacob Mews,2999,Goodmanhaven,Maryland
441,20201123-K,Jesse Gay,John Haven,4923,Adamsland,Pennsylvania
682,19096012-0,Stephanie Meyer,Vargas Ville,587,Frankchester,Connecticut
168,12496322-K,Gregory Gonzalez,Jessica Viaduct,2839,Charlesside,Kentucky
917,13153871-K,Amanda Lawrence,Mccarthy Drive,3409,South Victormouth,California
731,14038353-0,Robert Young,Patel Points,2548,Matthewshire,Alaska
303,9308029-0,Cynthia Fox,Leach Ways,1477,Lake Jodimouth,Vermont
377,12561343-0,Diane Wong,Edwards Throughway,1850,Lindaborough,Iowa
875,9317845-0,Beverly Gonzales,Jesus Overpass,4724,East William,Michigan
389,7683267-K,Amber Cruz,Harvey Hills,4957,North Tyler,Vermont
447,18784912-K,Kayla Sutton,Cameron Trafficway,1291,Dixonfurt,North Dakota
143,9424093-0,Victor Lee,Cassandra Locks,4387,East George,Mississippi
371,8893671-0,Carol Martinez MD,Hutchinson Walk,1965,Larafort,Oregon
423,12828659-0,Erik Jones,Matthew Knolls,931,Lake Josemouth,Maine
546,8986653-0,Jessica George,Jennifer Springs,2899,West Matthewchester,Michigan
397,13504328-K,Jesse Roberts,Guzman Stravenue,2559,Lake Aliciamouth,Montana
405,17511453-0,Joseph Maldonado,Jackson Haven,3443,Port Beth,Maine
971,9019650-K,Brian Mcintyre,Frank Burg,4142,Walkerborough,Arizona
815,8618204-0,Gwendolyn Smith,Taylor Junction,683,Evansmouth,Vermont
927,17361826-K,Jerry Mosley,Perkins Harbor,2427,South Dianaborough,Indiana
542,14804815-0,Jason Downs,Mahoney Street,1237,Alvarezshire,Nebraska
877,19342869-K,Travis Christian,Caitlin Parkway,3889,Jonathanfort,West Virginia
184,14211130-0,Nancy Smith,Curtis Light,1564,Brandontown,Rhode Island
178,14441673-0,Wendy Anderson,Fisher Tunnel,4448,West Jennifertown,Tennessee
987,20084726-0,Stacy Davis,Brian Canyon,1122,Jesseville,Alaska
249,17289405-K,Justin Miles,Stuart Mountain,2322,Lake Angela,Connecticut
129,5621715-K,Daniel White,Phillips Mills,4255,Chandlerbury,Maryland
500,10746768-K,Allison Kennedy,Nicholas Valleys,3460,East Michael,Montana
474,16094648-0,Kristina Zamora,Bruce Orchard,4945,East Bryanbury,Oregon
679,14421291-0,Cassandra Moon,Emily Walks,3224,South Debbie,Louisiana
673,14869985-0,Cameron Dawson,Douglas Loaf,2674,North Paul,Delaware
750,14129569-K,Ronald Gibson,Kelsey Manors,3992,Anthonyton,Illinois
239,13420958-0,Ian Gibson,Conley Ford,246,Andersonview,North Dakota
791,18644262-0,Dustin Wilson,Stephen Forest,2331,Elizabethburgh,California
779,8220891-K,Steven Allen,Johnson Prairie,1413,New Maryfurt,Hawaii
893,5823745-0,Cindy Turner,Howard Shoal,1643,Stephensonburgh,Kentucky
619,7343544-K,Chloe Stokes,Brittany Cliffs,348,East Gregory,Louisiana
265,17855835-0,Kelly Henderson,Howard Drive,565,South Greg,Kentucky
941,7885851-K,David Andrews,Lauren Knoll,4996,North Sarah,Ohio
642,18454523-0,Christian Green,Clay Port,102,Richardchester,New Jersey
657,16863581-K,Kathleen Gonzalez,William Point,2707,Johnsonside,West Virginia
782,7073044-0,Lisa Esparza,Shawn Squares,5,East Jill,Maine
396,7346347-0,Brandi Silva,Jones Course,2058,Mccoyberg,South Dakota
717,9037382-K,Natalie Harris,Austin Brook,2228,West Dennis,Georgia
961,6379881-0,Dominic Burnett,Raymond Extension,2446,Matthewborough,Maine
404,13212078-K,Justin Hudson,Brittany Land,4764,Port Jasonborough,New York
912,20236806-0,Brian Weber,Megan Crescent,728,Lake Michelle,Maine
475,7740063-0,Daryl Thompson,Anderson Track,1063,Brianside,California
149,16126643-0,Caitlin Harris,Cox Valleys,4386,Garciaton,Wyoming
737,14814039-K,Dr. Troy Morris MD,Jonathan Burgs,1629,Stonebury,Alabama
827,9300134-0,Carly Gutierrez,Ortiz Extensions,2480,Jeffreyborough,Connecticut
633,15599790-0,John Williams,Megan Freeway,4621,Mooreburgh,Vermont
975,7627715-K,Jessica Young,Mckinney Cliff,1800,Jasonland,West Virginia
960,10535551-0,Michelle Flores,Stewart Cove,1519,Jeantown,Idaho
308,20878293-0,David Edwards,Andrea Stream,3184,East Nicole,Tennessee
924,17466453-K,Vanessa Golden,Zachary Turnpike,3319,North Stephen,Kansas
849,13921757-0,Dustin Kelly,Karen Drives,3882,Lake Kristen,Washington
400,9658123-K,Victor Harris,Townsend Wall,3494,New Timothyville,South Carolina
119,9042757-K,Morgan Smith,Edwards Well,2212,Hunterland,Indiana
587,14260346-0,Kristi Levine,Angela Street,3668,East Veronicamouth,Utah
812,15890739-0,Paul Rose,Aguirre Pike,50,Meyerville,New Hampshire
568,5729384-0,John Rivera,Bradley Oval,1837,Lake Angela,New Hampshire
100,7221061-0,Jacqueline Bryant,Sarah Parkway,1382,West Josephhaven,West Virginia
864,17950974-K,Christopher Riggs,Williams Loop,4381,West Courtneystad,Michigan
865,11137232-K,Christopher Brown,Gomez Club,349,Brayland,Alabama
414,6973708-K,Kirsten Floyd,Walker Prairie,297,Shannonhaven,Kentucky
544,17951451-K,Marie Smith,Walker Run,3331,Ballmouth,Washington
931,10460130-0,Kristopher Ingram,Alyssa Park,2809,Leeshire,Nevada
716,15329749-K,Gregory Clements,Day Valley,3181,West Amber,Alabama
510,18227695-K,Sean Johnson,Dennis Vista,1818,East Lawrenceshire,Pennsylvania
796,18373655-0,Scott Valencia,Dwayne Garden,3126,West Isabelville,West Virginia
369,19407336-0,Steven Gonzales,Rebecca Village,4949,North Anthony,Oklahoma
867,10954601-0,Bobby Adams,Desiree Cliffs,1580,Craigmouth,Vermont
338,5342997-0,Kimberly Klein,Cook Plains,170,South Brittanyton,Nebraska
523,8966649-0,Matthew Khan,Oscar Spurs,4365,North Angelaborough,Rhode Island
455,8949639-0,Bradley King,Makayla Pine,3943,Lake Michael,Mississippi
735,8380798-0,Samuel Jacobs,Smith Gardens,3661,Lake Brettville,Nebraska
880,17991106-0,Christina Buckley,Sharon Loop,546,West Susan,West Virginia
630,9057860-K,Christopher Thompson,Brenda Route,1358,Alvarezfort,South Dakota
487,5978538-0,Mary Chandler,Erik Plain,4829,Henryshire,Vermont
270,11030040-K,Monica White,Solis Isle,569,Connieport,Wyoming
881,16313085-K,Sherri Riley,Chelsey Highway,1804,East Stephanieside,Arizona
726,9885122-K,Patrick Johnson,Williams Common,1665,Huertaview,Illinois
886,8642591-K,Mariah Neal,Cathy Turnpike,4822,Lake Ashleymouth,Florida
785,17707280-K,Dawn Johnson,Campbell Island,667,Robertborough,Idaho
310,5559307-K,Stephanie Baldwin,Burch Lights,4255,West Jerryfurt,Wisconsin
280,9433958-0,Connor Benton,Miller Green,3785,Lake Ryan,Illinois
260,15572624-K,Dr. Omar Warren MD,Amy Fords,3591,East Michellestad,New Hampshire
748,15898749-0,Briana White,Hamilton Villages,4139,North Tylerton,Michigan
665,18059431-K,Jodi Mendoza,Singh Harbors,1123,Browningmouth,Connecticut
802,16040676-K,Julie Bishop,Thomas Squares,3412,Batesview,Massachusetts
360,9488850-K,Ashley Rojas,Debra Lights,2666,Griffinshire,Illinois
910,11352013-K,Ronald Martinez,Brown Way,666,Norrisbury,South Dakota
275,11325006-K,Gina Caldwell,Jenna Key,2222,Lake Mariahaven,Delaware
348,9721949-K,Donna Moran,Vanessa Crescent,3633,Schultzfurt,Delaware
466,5816055-0,Jacob Meza,Raymond Circles,1851,Michaelchester,Nevada
900,12249462-K,Richard Elliott,Brown Lakes,1433,West Stacymouth,Kansas
830,14161507-K,Elizabeth Garcia,Curtis Hollow,43,Guerrerobury,Hawaii
485,15656527-K,Arthur Wilkins,Matthew Crest,2158,Denisestad,Ohio
968,14918857-0,Theresa Chavez,Silva Circles,3812,Andrewbury,Texas
372,20093295-0,Joshua Miller,Williams Drive,3271,Rubenton,Texas
825,19217207-0,Christian Davis,Mclaughlin Center,4604,Allenland,Hawaii
934,16614538-0,Michael Shelton,Marissa Underpass,2668,North Linda,Tennessee
897,19174857-0,Jay Knapp,Melinda Harbors,3504,Port Martinburgh,North Carolina
822,20671223-0,Jennifer Young,Stephens Mill,2258,New Brandiberg,Hawaii
264,15959667-K,Tim Rose,Kelly Locks,4694,Bennettstad,Alabama
806,6257270-0,Haley Edwards,Crystal Land,2894,West Rebekah,Georgia
205,12746185-0,Brandon White,Richard Turnpike,3403,Goodmanshire,North Dakota
315,6003996-0,Mary Evans,Michael Path,1578,Ianside,South Dakota
470,17294724-K,Nicholas Rodgers,Bennett Park,1857,Lake Stevenhaven,Idaho
600,14739115-0,Ronald Barrett DVM,Sellers Glen,2152,Lake Jameshaven,Maryland
183,19447071-0,Danny Frank,Kelly Divide,2733,Cardenasfurt,Idaho
462,11590210-0,Raymond Brown,Kathleen Burg,3154,North Antoniotown,Utah
980,10148677-0,Brett Huff,Suzanne Meadow,4787,Jacksonstad,Vermont
384,12047739-0,Samantha Gallagher,Hill Turnpike,4087,Wilsonborough,Connecticut
781,8698301-K,Karen Potter,Ryan Stravenue,476,Johnsburgh,Nevada
751,10051269-K,Christina Bailey,Diamond Walk,1057,North Elizabethshire,New Hampshire
596,12694988-0,Michael Burke,Cooper Circles,4420,Port Austinton,Pennsylvania
393,20781508-K,Patrick King,Maynard Pines,1117,Lopezburgh,Idaho
309,5560787-0,Brandon Davis,Drew Locks,3734,Port Benjamin,Colorado
915,14710178-0,Daniel Perez,Dustin Isle,2223,Port Makaylachester,North Dakota
863,20392913-K,Megan Chavez,Keith Views,563,East Christopherfort,Iowa
545,12767393-0,Robert Hicks,Perkins Village,4379,Port Kennethside,Mississippi
479,12821653-K,Edward Charles,Evans Pike,64,Port Michael,Arkansas
834,10747239-K,Patricia Gordon,Robert Turnpike,3115,Ericton,Illinois
370,10180750-0,Daniel Moore,Richardson Avenue,1008,East Tannermouth,Kentucky
578,18145839-K,Tara Bass,Miller Overpass,1868,Carmenville,Indiana
481,5492210-0,Angela Woodard,Stewart Mountain,3433,Taraton,Alaska
742,14080989-0,Fred Norman,Valdez Land,4168,Matthewmouth,New York
227,16736348-K,Nicole Rocha,Foster Course,974,North Laurentown,Missouri
305,11669665-K,Brian Lee,Wang Unions,3866,Johnsonbury,Mississippi
440,19591885-0,Patricia Fry,Bradley Isle,324,Walkerstad,Idaho
954,20320328-0,Valerie Henderson,Jordan Coves,780,Shawnberg,Vermont
494,15066257-K,Tanya Smith,Jose Mews,469,Deborahhaven,Montana
624,18521969-0,Shannon Taylor,Hogan Stream,3309,Rodriguezside,Nevada
715,20995927-0,Crystal Perry,Calhoun Garden,1255,Lake Natalietown,Pennsylvania
884,15777983-K,Brianna Trujillo,Rodriguez Square,2094,North Jonathanside,Kentucky
512,5718635-K,Eugene Harris,Lisa Light,430,Samanthashire,New Hampshire
138,10035392-K,Andrew Alvarez,Lopez Mill,1731,Rodriguezborough,Texas
974,20332879-0,Katherine Stafford,Sparks Knoll,499,Aprilfurt,Montana
878,11173476-K,Angela Savage,Poole Fall,2585,Curryshire,Colorado
743,9837823-0,Krista Caldwell,James Wall,782,Lake Michaelland,Virginia
257,10157316-0,Duane Gilbert,Martinez Street,596,Hahnshire,Montana
641,9731318-0,Jennifer Taylor,Jackson Road,4204,Lake Michelleport,Alaska
176,15579548-K,Caitlin Martin,Sherman Field,1441,Port Steveland,Oklahoma
167,17386897-K,Anthony Dalton,Lisa Rue,1057,Gonzalesport,Idaho
622,10917748-0,Danielle Best,Heath Shores,1960,Staceystad,Maine
248,10940330-K,Peter Obrien,Lisa Course,1036,Brandymouth,Virginia
766,9502004-K,Elizabeth Lopez,Stephanie Plains,3558,Thomasside,North Dakota
784,16874162-0,Russell Ray,Ronald Mews,2690,South Andrewstad,Mississippi
976,18157479-K,Erica Hansen,Duncan River,2146,Luismouth,Mississippi
958,7962115-0,Emily Terrell,Wilkins Lane,4186,North Carlos,Wisconsin
635,9463729-K,Mrs. Heather Castro,Jason Parks,3563,Laurenchester,South Carolina
837,19308463-0,Tyler Reed,Johnson Estates,2003,Port Susan,Alabama
353,6973881-0,Emily Farmer,Chad Course,1928,West Betty,Georgia
191,10540240-K,Troy Wiley,Jeremy Tunnel,3194,Cameronmouth,Tennessee
223,19406395-0,Theresa Flores,Fernandez Harbor,4591,Sherrymouth,Hawaii
556,5770717-K,Ivan Lara,Lee Fall,3195,South Michelleshire,Arkansas
150,10573036-0,Heidi Simmons,Jennifer Place,354,Dukeburgh,Alabama
170,18218745-K,Debra Morrison,Benjamin Inlet,1341,Sarahton,Oklahoma
703,19152348-0,James Kent,Neal Village,1276,Stephenview,South Carolina
714,16177227-0,Corey Smith,Monique Falls,615,Barrettfort,Nevada
698,16655675-K,Mike Johnson,Natasha Bypass,2701,New Alexisborough,Indiana
808,15661869-0,Jamie Mathis,Riley Unions,3734,Port Rhondastad,Georgia
465,16171735-0,William Porter,Levine Trail,4219,Williamland,Montana
217,16047559-0,Janet Shaw,Brandy Coves,134,New Alanport,Nebraska
140,14189488-0,Sophia Ellis,Burnett Plains,3612,New Jorge,Wisconsin
707,18751566-K,Elizabeth Smith,Rivera Rest,3182,Port Jacqueline,Arkansas
699,14851852-K,Teresa Roy,Bailey Green,3589,New Mary,Louisiana
695,10401538-K,Paul Gonzalez,Phillips Hollow,4690,Jerryville,New Mexico
625,14322048-0,Annette Ballard,Nancy Point,3306,South Barry,Wyoming
213,20651832-K,Juan Logan,Cynthia Mountains,2754,Vanessabury,North Carolina
293,14798245-0,Veronica Newton,Cruz Common,2367,North Daniel,Utah
597,5485906-K,Lisa Martinez,Anthony Bypass,134,Margaretview,Kentucky
533,9615045-0,David Solis,Adams Rapids,1149,Lake Patrick,Minnesota
788,11281681-K,Allison Mason,Buckley Views,1031,West Sara,Colorado
229,9157331-K,Rebecca Wagner,Hernandez Square,4694,Port Heathertown,Nevada
745,6828979-K,Brian Davis,Wall Plain,4959,East Christine,North Dakota
660,9096870-0,Brian Payne,Christie Lodge,380,Lake Wendybury,Kentucky
771,9312681-K,Pamela Bowman,Zachary Roads,3912,Port Jamesside,Delaware
666,9253458-K,Fernando White,Kimberly Lakes,3127,Freemanland,Mississippi
107,13029702-0,Michelle Frank,Denise Island,1977,Walterfort,Ohio
482,19717129-0,Joshua Krause,Helen Bridge,4242,Melaniehaven,Idaho
285,19089517-0,Courtney Ford,Ronnie Corners,4260,Higginshaven,Washington
155,13221978-K,Alexis Fox,Danielle Drives,1817,Stephenview,Connecticut
909,10540270-K,Alan Randolph,Brittany Lock,1916,South Paul,Missouri
592,8741621-0,Elizabeth Thomas,Moss Canyon,1159,Lake Andrewshire,Ohio
787,7002150-K,Steven Donovan,Garcia Union,4239,West Alexside,Montana
984,9013368-K,Jaime Ramos,Kyle Points,3211,Port Charlesborough,Kansas
391,16128000-K,Harry Ramos,Brittany Walks,284,West Lucasmouth,West Virginia
179,16892469-0,Robin Hale,Cody Stravenue,1182,Kimberg,Michigan
599,20652468-K,Taylor Sanchez,Griffin Unions,2760,Lake Ryanbury,Massachusetts
672,10090523-0,Amy Wall,Jessica Isle,2495,Grimesborough,Utah
525,13280391-0,John Hogan,Andrea Rapid,1878,Jesseton,South Carolina
686,13930351-0,Samantha Maxwell,Jessica Ville,474,Leeport,Colorado
776,20131061-0,James Hall,Wright Roads,2592,South Suzanne,Ohio
970,11682802-K,Sherry Merritt,Trujillo Rapids,2278,East Ellenburgh,Washington
425,12670635-K,Victoria Norton,April Square,1580,Lake Ryan,Mississippi
306,15661529-0,April Phillips,Fernandez Islands,3167,Lake Julie,Alabama
989,17967029-K,Stacey Peterson,Welch Knoll,1034,Lake Jacobville,New Jersey
712,8339908-0,Keith Robertson,Robert Pines,558,East Paula,Iowa
818,14333205-0,Gregory Jackson,Melissa Mews,321,South Samuelhaven,Texas
888,19184137-0,Karen Brooks,Javier Points,2099,Millerland,Alabama
448,16282867-K,Melissa Decker,Vincent Port,4847,East Jesseton,Montana
943,20301324-K,Colton Stewart,Jean Street,2655,South Blake,Virginia
618,17915955-0,Alexandra Johnson,Bradley Wall,4957,New Michael,Alaska
318,6595036-K,Heather Mercer,James Turnpike,3313,Danaport,North Dakota
789,20381980-K,Sara Perkins,Gallegos Flat,450,East Juan,New Jersey
809,12018947-0,Jennifer Young,Jennifer Locks,1333,Armstrongstad,Michigan
730,14913903-0,Mr. Richard Whitney,Teresa Grove,1777,Ericville,Texas
813,18889678-K,Chelsea Flowers,Kyle Fork,471,Morrisside,New Jersey
780,14192995-0,Heather Watkins,Carter Spring,4319,West Jenniferborough,California
269,16919713-K,Cheryl Ayala,Adams Fall,2958,Lake Andrew,Mississippi
790,18207287-0,Jade Franco,Alexandra Underpass,1489,Lake Patricia,Rhode Island
887,9141228-0,Joseph Garza,Christopher Park,4570,Port John,Colorado
938,5642633-K,Nathan Mcmillan,Navarro Cliffs,4078,South Lisa,Massachusetts
254,6657777-K,Scott Allen,Daniel Cape,4797,West Michael,West Virginia
272,5939631-0,Jeanette Johnson,Edwards Street,578,Wilsonmouth,Mississippi
152,19758837-0,James Martinez,Melissa Neck,3344,Josetown,Connecticut
262,13221702-0,Melissa Burke,Marcus Heights,2550,Mariatown,Nevada
561,11267368-0,John Gutierrez,Myers Unions,1398,Port Steven,Iowa
118,16847175-K,Logan Mason,Jacqueline Manor,1295,New Sarahside,Oregon
687,15756297-K,Jeff Garcia,Vance Ridge,2586,Port Lori,Louisiana
489,16474827-K,James Wilson,Kayla Glens,4431,Lake Gary,Minnesota
823,6610747-K,Natalie Love,Stacy Well,4259,Aaronstad,Colorado
762,6840389-K,Jennifer Moore,Reed Squares,2096,Kathleenshire,Connecticut
180,5395729-0,Dennis Mack,Lamb Terrace,3850,West Christina,Oklahoma
147,16263222-0,Andrew Flynn,Tamara Island,670,Tammyville,North Carolina
109,6492619-K,Anna Maynard,Sarah Terrace,3352,Stephanieport,California
307,8478018-0,Anthony Carter PhD,Julie Key,121,Jonesshire,Texas
105,12417299-0,Heidi Wallace,Santiago Locks,3248,Lindaville,South Carolina
244,6352272-K,John Smith,Cindy Terrace,708,Wendyville,Indiana
967,13682166-0,James Parker,Marvin Ferry,2200,Russellmouth,Iowa
645,20769424-K,Bradley Flores,Mark Crescent,94,New James,Indiana
376,11143947-K,Miss Elizabeth Olson,Simmons Club,3287,Davidborough,North Dakota
204,17380574-0,Margaret Rasmussen,Andre Meadows,1980,Oconnellburgh,Louisiana
529,20176597-0,Elizabeth Clay,Conner Cliff,81,Hallport,Iowa
711,19638688-K,Christian Henry,Hernandez Path,160,Dominiqueborough,Indiana
939,11285035-K,Brittany Hester,Johnson Junction,2540,New Dennisport,Idaho
410,9497325-K,Ryan Castillo,Cain Junctions,260,Michaelton,Idaho
840,7104722-0,Kaitlyn Mason,Tyler Stream,3833,Adkinshaven,Utah
696,20874704-0,Linda Campbell,Karen Lodge,1378,North Brian,Rhode Island
935,6312810-0,Leah Perry,Patel Wall,4650,New Stevenbury,Utah
327,14789559-0,Tonya Morrison,Melissa Harbor,2426,Angelaton,Idaho
709,17435916-K,Kristina Hamilton,Noah Green,111,West Tyler,New Mexico
418,7191838-0,Francis Wilson,Stevens Route,3442,North Ethanland,Washington
998,14746039-K,Susan Huerta,Price Passage,4402,Murphyborough,Oklahoma
501,12606455-0,Matthew Miller,April Island,4125,Port Victorville,Colorado
906,17324234-K,Judith Perkins,Kirk Crest,1597,East Davidberg,Hawaii
705,20897646-0,Dr. Abigail Mcknight,Williams Mount,4661,Lake Nicoleburgh,New Mexico
688,17065375-0,Katherine Pratt,Michael Viaduct,2225,Port Timothy,New Jersey
237,10872348-K,Ryan Richardson,Washington Forge,3473,Josephshire,South Carolina
937,18294129-K,Brian Valdez,Gabriel Track,2261,Kimtown,Wisconsin
836,5645298-K,Michael Richardson,Kathryn Courts,4153,Lake Eric,Georgia
476,16366584-0,Kristina Thomas,Estes Oval,3763,South Raymondville,Vermont
719,14288104-K,Cathy Davidson,Mark Summit,1549,Davidton,Louisiana
885,10377246-K,Carrie Alexander,Jordan Curve,1983,West Lindaborough,Massachusetts
195,20519192-K,Cameron Santos,Dustin Forge,355,Rodriguezberg,Oregon
838,17806365-0,Larry Grant,Welch Walks,3169,East Jessica,New Mexico
820,5581934-K,Sara Burton,Doris Isle,1780,Davidchester,New Jersey
517,12309104-0,Emily Graham,Chandler Mill,582,South Carriestad,New Hampshire
427,20874801-0,Brian Morgan,Kimberly Manors,1636,Taylorport,California
535,5328830-0,John Hansen,Stephanie Squares,4965,Kevinborough,South Carolina
902,16926142-0,Justin Jimenez,Brown Prairie,2710,Adamfurt,Minnesota
916,20084940-0,Kayla Hood,Pace Row,2426,Sarahberg,Utah
289,16521508-0,Michael Hernandez,Richardson Pine,319,Lake William,Virginia
972,8043173-K,Richard Ross,Palmer Court,1301,Isaacburgh,Florida
926,20892903-0,Gregory Taylor,Tucker Keys,494,Vincentborough,Connecticut
574,6902373-K,Juan Perkins,Casey Inlet,760,Johnsonmouth,Hawaii
648,13260864-K,Aaron Shaw,Andre Rue,2621,Lake Lisa,South Dakota
144,5912169-K,Claire Burns,Huff River,3154,North Kevin,Arizona
228,12158388-0,Brian White,Amy Stravenue,4637,Wilcoxside,Hawaii
801,15757806-0,Tracy Stephens,Patton Plains,3338,North Andrea,North Dakota
732,6344512-K,James Hodges,Stewart Vista,591,West Amy,Ohio
928,14523303-0,Gabriel Freeman,Campbell Common,2813,Stevenmouth,Alaska
718,9685116-0,Stephen Benson,White Extension,1201,West Jessica,Nevada
842,13850640-K,Laura Buchanan,Jensen Landing,2646,Stephaniestad,Missouri
231,15793063-0,Daniel Smith,Wilson Summit,4394,Pattersonport,Maryland
163,10280850-K,William Miller,Molly Parks,675,Leeberg,Alabama
499,12516768-0,Kerry Williams,Melanie Trace,680,Whitefurt,Pennsylvania
614,16835876-0,Claire Brown,Malik Fields,3220,New Jeremy,Illinois
749,20814022-0,Mary Mullins,David Burgs,2936,Heatherview,Iowa
905,13446338-K,Mary Frank,Ryan Lake,471,West Gabrielhaven,Nebraska
824,9505276-0,Frederick Golden,John Track,1613,Hinesborough,Connecticut
146,12052935-K,Juan Reynolds,James Centers,4445,Annaport,California
873,15238864-0,Bradley Barrett,Young Plaza,2184,Flynnfort,Kentucky
883,12484770-K,Taylor Montgomery,Williams Meadows,3322,Lake Raymond,Kansas
173,15536558-0,Andre West,Welch Road,24,Amyview,Texas
985,14566369-K,Carolyn Mckenzie,Mcgee Bridge,2343,Keithburgh,Mississippi
946,12296488-K,Roger Jones,Ashley Pines,1093,East Carmenberg,Florida
921,14524038-K,Tina Fisher,Alexander Mills,119,Micheleberg,Arizona
933,8110243-K,Christopher Elliott,Weaver Forest,2386,Gilmorefort,Alaska
947,17206413-0,Justin Roberson,Katherine Lake,307,Davidburgh,Arkansas
230,18865052-0,Robert Anderson,Kevin Land,2466,East Alex,Arizona
744,18383737-K,Christian Reed,Rodriguez Bridge,284,Port Tiffanyside,Indiana
768,8501504-0,Dr. Breanna Ross,King Square,1595,Lopezborough,Nevada
515,17416348-0,Christopher Shaffer,Abbott Light,4417,North Kelly,Kansas
212,14755340-0,Ruben Collins,Anderson Prairie,4147,New Kelly,Michigan
382,11303460-0,Daniel Wells,Henson Junctions,36,East Charles,South Dakota
704,18452030-0,William Melton,Davis Route,1327,South Alexandrahaven,Florida
196,17411463-K,Craig Sullivan,Hector Dam,3053,South Timothyberg,Vermont
640,18825699-K,Melissa Ortega,Robinson Drive,1464,East Markton,Washington
814,20775314-K,Julia Neal,Denise Keys,1424,Brandonshire,Pennsylvania
769,8514876-0,Tammie Larson,Jennifer Place,724,Annebury,Colorado
816,6207000-0,Lance Ruiz MD,Sharon Square,266,Troybury,Louisiana
774,6989227-K,Donna Sandoval,Richard Groves,2804,Lake Danny,South Dakota
907,11614905-K,Erica Stephens,Stevenson Island,4135,New Johnport,New Jersey
193,19214828-0,Amanda Wilson,Ayala Glen,440,Starkberg,Rhode Island
829,15998322-K,Vicki White,Abigail Parks,4830,Port Derek,South Dakota
650,14104192-K,Kelly Santana,Martinez Keys,4936,North Tammy,South Carolina
263,20735979-0,Kaylee Freeman,Rebekah Station,2931,Melissaside,Washington
811,11047139-0,Linda Klein,Paula Light,4482,West Justinside,Tennessee
468,20776384-K,Samantha Spencer,Walters Alley,2098,Tonimouth,Georgia
553,16928805-0,Sharon Simpson,Cross Mountains,602,Jonesfort,Delaware
691,20987274-K,Michael Watson,Mary View,4399,East Jacquelinefurt,Idaho
550,8182591-0,Justin Hall,Sherman Stravenue,4849,Charlesfurt,Illinois
702,20433307-K,Whitney Adkins,Mark Shore,634,New Laura,North Carolina
767,17010112-K,Carly Gomez,Glass Stravenue,4952,Port Gavin,Utah
313,13358190-K,Joel Arias MD,David Avenue,297,Petermouth,Minnesota
219,5115927-K,Michael Combs,Collins Ville,1856,Williamsshire,New Jersey
552,5337546-K,Krista Brock,Griffin Branch,4929,West Christopherton,New Hampshire
442,19601115-K,April Knight,Holly Hills,1159,North Catherinetown,South Dakota
131,11952525-K,Jeffery Cummings,Massey Turnpike,2798,Port John,Michigan
826,16648926-0,Brian Hobbs,Webb Parkway,4188,Colemanville,Minnesota
778,6417816-K,Joseph Rosales,Beverly Ranch,3304,Blakebury,Texas
606,20076281-0,Christian Young,Wanda Locks,4981,New Peggymouth,Hawaii
929,9438687-0,Lisa Massey,Desiree Stravenue,4246,Moodymouth,Missouri
392,14517558-K,Alicia Bryant,Frazier Place,286,South Stephanie,Idaho
713,18701515-K,Kathryn Lamb,Gray Street,2133,Estradaport,Idaho
775,18261986-0,Steven Mcclain,Ayala Common,730,Port Jessica,Delaware
852,20727737-K,Adam Ruiz,Emily Viaduct,2814,Beasleybury,Oregon
438,5642741-K,Brian Harris,Bowers Inlet,3426,Rodriguezton,Tennessee
841,13998661-K,James Nguyen,Patricia Locks,2020,Port Kellymouth,California
919,14314369-K,Curtis Neal,Crawford Loaf,1247,Jenniferview,Illinois
741,12205629-0,Emily Price,Medina Parks,2480,South Briannashire,Utah
747,5384851-K,Devon Murphy,Cassandra Branch,871,North Karenchester,Utah
329,11774263-K,Patricia Moses,Amy Causeway,1981,Masonfurt,South Dakota
736,7642795-0,John Montes,Brown Extension,1718,East Tiffany,Tennessee
670,7317776-K,Isaiah Rivera,Hart Valley,2490,Holmesshire,Maine
664,7777669-K,Brandy Hall,Michael Gardens,3105,East Tiffany,Vermont
710,16950922-0,Joel Parker,Randy Lakes,2385,Michaelmouth,Louisiana
579,5044404-0,Rebecca Davis,Patrick Forges,2079,Cruzland,South Carolina
846,6276881-0,Eric Jones,Lauren Crossroad,1360,West Rebeccaberg,Texas
385,9970804-K,Jennifer Warren,Cory Street,1992,Sarahhaven,Iowa
835,17662551-K,Marissa Brown,Martinez Glens,4281,Simmonsview,Nevada
804,13604417-0,Robert Roberts,Sandra Park,257,Perryburgh,New Mexico
765,14423276-0,Connie Morse,Lawrence Prairie,448,Bethhaven,South Carolina
805,15262886-K,Megan Hopkins,Kim Plains,1034,Lake Pamelashire,Nebraska
763,7560653-K,Riley Owens,Jones Vista,2754,Erinmouth,North Dakota
141,7688549-0,Michael Gaines,Nancy Corners,3322,West Karentown,Arkansas
770,16865566-0,Christina Burns,Powell Mission,380,Georgetown,Ohio
882,20866851-0,Lori Mathews,Smith Key,2418,Masonhaven,South Dakota
760,11391980-K,Justin Peterson,Lisa View,2511,South Juan,Nebraska
738,19307103-K,Nicholas Wheeler,Bowers Points,1497,Davidland,Nevada
855,13297504-K,Robin Harrison,Rodney Ville,2539,North Kendrashire,West Virginia
847,18804410-0,Lynn Gibson,Mendoza Canyon,198,South Mark,Maryland
923,10100963-K,Jeffrey Choi,John Radial,3182,Jenniferhaven,Virginia
761,13164149-K,Dennis Leblanc,Gonzalez Rest,2459,Rodriguezfurt,Nebraska
773,9564368-0,Andrea Rivas,Brown Way,421,South Joshua,New York
273,5060058-K,Lisa Smith,Reed Turnpike,3764,Hicksmouth,Georgia
154,13882651-0,Julia Anderson,Pearson Harbors,548,North William,Nevada
286,8719666-K,Kylie Allen,Valerie Ways,3844,Port Kevinborough,Maryland
754,7699979-K,James Rivera,Macdonald Crest,2324,Port Jeremy,Colorado
832,19498140-K,Tyrone Rodriguez,Patrick Corners,1670,Davisshire,Connecticut
658,5603077-0,Megan Brown,Weaver Station,1747,West Cindy,Wisconsin
828,19824858-K,Michael Gonzalez,Nichols Orchard,2865,Walkerland,North Dakota
892,19208158-0,Cody Carter,Day Orchard,3308,South Bob,Arizona
312,6744612-K,Zoe Barrett,Earl Shoals,4912,North Virginia,California
879,15147667-K,James Phillips,Thompson Throughway,1815,Patrickshire,Wyoming
860,7866571-K,Kimberly Lindsey,Andrea Mount,831,Stevenborough,Hawaii
110,12185610-K,Tina Brooks,Warren Pine,3535,North Timothystad,Massachusetts
697,9701529-0,Todd Wilson,Leonard Cape,3636,West Melissatown,Arizona
819,9748568-0,Brittany Smith,Shelton Circles,3164,Santanatown,Kentucky
722,9338405-0,Alyssa Garza,Tammy Way,2486,Lake Terri,Colorado
894,16573418-K,Renee Anderson,Julie Wall,2903,Emilyside,Texas
772,18353968-0,Brian Rivers,Cooper Station,2171,East Amybury,Massachusetts
807,10567299-0,Brandon Black,Emily Terrace,4644,New Michael,New Hampshire
850,15395055-K,Douglas Hamilton,Mills Fort,2954,Perezburgh,Delaware
