comuna,region
Lake Nicoleburgh,New Mexico
Perezberg,Tennessee
Ericton,Illinois
Walterfort,Ohio
Omarmouth,Mississippi
East Matthew,Alaska
West Michael,North Carolina
Roseberg,Connecticut
East Matthewbury,Alabama
South Reneeshire,Oklahoma
East George,Mississippi
Lake Aliciamouth,Montana
Rodriguezberg,Oregon
West Rebeccaport,Mississippi
Brownview,Colorado
New Kelly,Michigan
South Jerry,Wyoming
New Dennisport,Idaho
East Paulburgh,Utah
Lake Brookeburgh,Kansas
Timothyside,Mississippi
West Lucasmouth,West Virginia
West Michael,Louisiana
Jasonland,West Virginia
Lake Shellyfurt,Massachusetts
Johnsonshire,Illinois
New Andrew,North Carolina
Amyshire,Arkansas
South Amber,Mississippi
East Pamelafurt,Ohio
New Kristen,Alabama
West Marcus,New Mexico
West Dennis,Georgia
Port Davidfurt,North Dakota
New Wendy,Florida
Colemanville,Minnesota
New Mary,Louisiana
East Christinastad,Mississippi
Lindaborough,Iowa
North Rhonda,Georgia
New Peggymouth,Hawaii
Aaronstad,Colorado
South Maria,South Dakota
Kirkberg,Rhode Island
Lake Ebony,Hawaii
Port Lindseyland,Hawaii
Lake Jamie,Iowa
Stevenstad,Washington
Brooksbury,South Dakota
South Reneeshire,Oklahoma
Butlermouth,Wyoming
Monicaland,Oklahoma
Aarontown,Rhode Island
Staceystad,Maine
Johnsonside,California
East Tiffany,Tennessee
Isaacburgh,Florida
Jefferyside,West Virginia
New Karen,South Carolina
North Susan,South Dakota
West Tyler,New Mexico
Wendyville,Indiana
Brandonshire,Pennsylvania
Port Lindaport,Indiana
Perezville,Oregon
Melissamouth,New Jersey
Bennettmouth,Maryland
North Johnberg,South Carolina
Katherineside,Indiana
Wattsbury,Vermont
Port Ronald,Utah
North Paul,Delaware
Michaelmouth,Louisiana
Alvarezfort,South Dakota
Port Bethany,New Mexico
East Davidberg,Hawaii
Williamsshire,Kansas
Josetown,Connecticut
Lake Patrick,Minnesota
Port Christine,Utah
Haydenhaven,Washington
Port Lori,Louisiana
Port Jessica,Delaware
New Timothyville,South Carolina
North Laura,Alabama
West Samanthaland,Wisconsin
West Rebeccaberg,Texas
West Stephanie,New Hampshire
Vegashire,New Mexico
Meyerville,New Hampshire
Murphyside,Alaska
Stephanieport,California
Brittanyfort,Virginia
New Benjamin,Minnesota
Port Lisafort,California
Steeleville,Virginia
Cynthiaville,Illinois
Tinaview,Hawaii
New Johnport,New Jersey
Royville,Louisiana
South Jasonside,Maryland
West Betty,Georgia
Cooperville,Vermont
East Edward,Oregon
Ortegamouth,Kentucky
Murphyborough,Oklahoma
New Karen,South Carolina
South Michaelstad,Indiana
South Cynthiaside,Rhode Island
Patrickshire,Wyoming
Mariatown,Nevada
Jessicachester,New Mexico
Clarkbury,Iowa
South Alexandrahaven,Florida
East Nicole,Delaware
Stephaniestad,Pennsylvania
New Alanport,Nebraska
East Jessica,New Mexico
Georgechester,Oregon
Rebeccaberg,New Mexico
Kimtown,Wisconsin
New Lauren,Florida
Lake Jennifer,Texas
Goodmanhaven,Maryland
Nealchester,Hawaii
New Tamaraville,Rhode Island
Lake Ryan,Illinois
Danielview,Maryland
Davidmouth,Alaska
Wilsonstad,Mississippi
Jeantown,Idaho
Hollychester,Michigan
Morrisonberg,Alabama
Anthonyside,Mississippi
Lake Robin,Colorado
Heatherview,Iowa
North Sarah,Ohio
Port Davidfurt,North Dakota
Jameschester,Hawaii
Lake Derektown,New York
New Blake,North Dakota
West Dennis,Georgia
Transtad,Missouri
North Larry,California
Tinaview,Hawaii
Clarkshire,Arkansas
Duranland,Ohio
Stevenstad,Washington
Jenkinsmouth,Alabama
Mitchellmouth,Florida
Omarmouth,Mississippi
Lewisfort,New Mexico
Torresburgh,Mississippi
North Monicaview,New Jersey
South Victormouth,California
East Jesseton,Montana
Port Jessica,Delaware
South Valerie,Kentucky
New Johnport,New Jersey
South Sandrabury,Hawaii
South Briannashire,Utah
East Markton,Washington
North Larry,California
Blakefort,Connecticut
Alvarezfort,Minnesota
Wilsonborough,Connecticut
Danielchester,Indiana
South Donaldtown,West Virginia
North Paul,Delaware
North Stephenshire,Minnesota
South Olivia,Colorado
Georgechester,Oregon
West Sylviahaven,Wyoming
Erinmouth,North Dakota
Toddstad,Kansas
Port Wesley,North Carolina
East Stephen,Hawaii
Jenniferhaven,Virginia
East Pamelafurt,Ohio
South Andrewstad,Mississippi
Morganfurt,Oklahoma
Maryside,Iowa
Jonesview,Florida
East Charles,South Dakota
Wendyville,Indiana
Lake Michelle,Maine
New Robertfurt,Illinois
Richardchester,New Jersey
West Pamela,Wyoming
West Samanthaland,Wisconsin
South Dawnside,Alaska
South Kimberly,Arkansas
New Stacy,Wisconsin
East Brian,Kentucky
Lake Rebecca,Oklahoma
Murphyside,Alaska
West Johnmouth,Montana
West Ashley,Louisiana
New Ann,Michigan
North Rhonda,Georgia
Port Benjamin,Colorado
Port Heathertown,Nevada
New Randallfort,Colorado
Maryside,Iowa
New Dennis,Oregon
Meyerville,New Hampshire
East Stephen,Hawaii
Hallport,Iowa
Lisamouth,Wisconsin
Erinmouth,North Dakota
Lake Kristen,Washington
Jeremybury,Kentucky
Morrisstad,Virginia
Carlville,Connecticut
North Hayleytown,Arizona
Leestad,Indiana
Carmenville,Indiana
Jonesshire,Texas
Lake Nicoleberg,Montana
Lake Patrick,Minnesota
Chadfort,Missouri
Walterfort,Ohio
West Jerryfurt,Wisconsin
Timothybury,Idaho
Beckhaven,Nevada
North Timothystad,Massachusetts
East Terry,Delaware
Connieport,Wyoming
South Raymondville,Vermont
South Dianaborough,Indiana
South Gregory,California
Ballmouth,Washington
Huffstad,Oklahoma
Huffstad,Oklahoma
South Samuelhaven,Texas
Georgetown,Ohio
Alvarezfort,South Dakota
East Melissaburgh,Mississippi
Norrisbury,South Dakota
Wilcoxside,Hawaii
West Jasonmouth,Iowa
Port Elizabeth,Connecticut
Port Edwardfort,Colorado
West Michael,North Carolina
South Kelly,Idaho
Longport,Maryland
Samuelhaven,Nebraska
Jasmineshire,Oklahoma
West Tyler,New Mexico
South Amber,Mississippi
West Sara,Colorado
Walkerstad,Idaho
East Dianatown,Oregon
Lewisfort,New Mexico
Amyview,Texas
Walkerborough,Arizona
North Shawn,Missouri
West Karentown,Arkansas
North David,New Mexico
Port Lucasview,South Dakota
West Jenniferborough,California
North Johnberg,South Carolina
Adamtown,Colorado
Perezburgh,Delaware
East Shawn,Idaho
Carrollchester,Wyoming
Gonzalestown,Rhode Island
Baileyville,Maryland
Davidton,Louisiana
Johnsonside,West Virginia
North Justin,Iowa
Kevinton,Massachusetts
Vincentborough,Connecticut
Samuelhaven,Nebraska
Lake Josemouth,Maine
Lake William,Tennessee
Georgetown,Ohio
Bradfordtown,Minnesota
West Karentown,Arkansas
Rodriguezbury,New York
Lake Michelle,Maine
Keithburgh,Mississippi
South Abigail,Ohio
West Daniel,Nevada
South Steven,Louisiana
Newmanport,New Mexico
Juanhaven,Louisiana
Wangborough,Ohio
Richardsonchester,North Dakota
New Brianburgh,West Virginia
Sharonchester,Iowa
North Angelaborough,Rhode Island
Thomasside,North Dakota
Ianshire,Wisconsin
Michaelchester,Nevada
Annetteberg,Wyoming
Margaretview,Kentucky
Port Steven,Iowa
Simpsontown,Minnesota
West James,Montana
West Stacymouth,Kansas
Nathanville,Missouri
Port Jeremy,Colorado
New Robertfurt,Illinois
Maryfort,Indiana
Davidchester,New Jersey
Ramosburgh,Oregon
Sarahchester,Vermont
West Jennifer,New Hampshire
Taylorport,California
Samanthashire,New Hampshire
Nicolechester,Georgia
Charlesside,Kentucky
South Reginaldmouth,Wisconsin
Lake Eric,Georgia
East Alex,Arizona
Kevinborough,South Carolina
Andreastad,New Jersey
Amyshire,Arkansas
New Stacy,Wisconsin
South William,Tennessee
East Paul,New York
Calderonville,Maryland
East Aprilside,South Dakota
Andrewbury,Texas
Port Victoriahaven,Missouri
North Laura,Alabama
Michaelstad,Virginia
North Karenchester,Utah
Lake Benjamin,Illinois
Port Kylieville,Montana
Clementsfort,New York
Millerland,Alabama
Calvinton,California
New Ann,Michigan
Madisonside,Connecticut
Lake Angelabury,Illinois
West Christopher,Michigan
Karenshire,North Dakota
New Dennis,Kansas
Lake Michaelland,Virginia
Angelaton,Idaho
East Christopher,South Dakota
West Jermaine,South Dakota
Heathermouth,Ohio
Lake Tammy,New Jersey
Timothybury,Idaho
South Dawnside,Alaska
Lake William,Alaska
East Pamelafurt,Montana
Lake Zachary,Pennsylvania
South Kennethtown,California
South Stephanie,Idaho
Woodfurt,Alaska
Aaronbury,Vermont
Masonfurt,South Dakota
West Daniel,Nevada
Shannonhaven,Kentucky
New Jacquelineview,Utah
New Wendybury,Wyoming
Port April,Pennsylvania
New Stephanieville,Wyoming
Jenniferhaven,Virginia
North Anthony,Oklahoma
North Wendyland,Nebraska
Clineview,North Dakota
Port Steven,Iowa
South Suzanne,Ohio
New Wendybury,Wyoming
Tinaview,Hawaii
West Johnmouth,Montana
West Erica,Michigan
Pattersonstad,Montana
East Lawrenceshire,Pennsylvania
Jenningsport,New York
South Carriestad,New Hampshire
Rubenton,Texas
Denisestad,Ohio
Hunterland,Indiana
Flynnfort,Kentucky
Norrisbury,South Dakota
Jillton,Arkansas
Richardchester,New Jersey
South Andrewstad,Mississippi
New Wendybury,Wyoming
Cruzland,South Carolina
Lake Cameronville,Pennsylvania
Clarkbury,Iowa
Lake Tiffany,New Jersey
North Stevenmouth,Nevada
Lake Heathershire,West Virginia
Carmenville,Indiana
North Tyler,Vermont
Port Steveland,Oklahoma
Juanhaven,Louisiana
Lake Ryan,Montana
Hallport,Iowa
Lake Dannyville,Louisiana
Samanthashire,New Hampshire
East Ricardo,Delaware
Kristinstad,Alabama
East Lawrenceshire,Pennsylvania
Jenningsport,New York
Michaelchester,Nevada
Lake Nicoleburgh,New Mexico
Ballview,Wyoming
Thompsonfurt,Tennessee
North Johnberg,South Carolina
East Allen,Iowa
East John,North Dakota
North David,New Mexico
New Jean,North Dakota
Masseyborough,Oklahoma
South Brittanyton,Nebraska
Port Sharon,Rhode Island
West Barbara,South Carolina
West Sylviahaven,Wyoming
Johnsonmouth,Ohio
Thompsonfurt,Tennessee
Henrytown,Vermont
Smithborough,New Jersey
Lake Katie,Wisconsin
South Kimberly,Oklahoma
Higginshaven,Washington
Rodriguezside,Nevada
South Steven,Mississippi
Rodriguezside,Florida
Johnsonview,Hawaii
Rodriguezfurt,Nebraska
Rebeccafurt,Alaska
Riveraborough,Massachusetts
North Stephenshire,Minnesota
Gonzalesport,Idaho
Stephaniestad,Missouri
Adamtown,Colorado
Port Charlesborough,Kansas
Alvarezfort,Minnesota
East Brianview,Iowa
New Sophia,Florida
Janetchester,Nebraska
Brandymouth,Virginia
Lake William,Delaware
East Christopher,South Dakota
Port Scotttown,Hawaii
Gibsonchester,Massachusetts
North Laurentown,Missouri
Williamview,Maryland
Williamland,Montana
Port Lori,New Hampshire
West Jonathan,North Dakota
Ramosburgh,Oregon
West Christopherton,New Hampshire
Amandashire,Vermont
West Courtneystad,Michigan
Lake Cathyburgh,Tennessee
North Shawna,Florida
Williamstown,Alaska
Port Gavin,Utah
Butlermouth,Wyoming
Lambberg,Florida
Stephenview,Connecticut
West Patrickton,Kentucky
Bartonbury,Wisconsin
Jameschester,Hawaii
Taylormouth,Wyoming
East Samanthabury,Montana
New Darryl,Nevada
South Alexandrahaven,Florida
West Jeffreyborough,New Hampshire
Kevinborough,South Carolina
Rodriguezton,Tennessee
Lake Nicholasfort,Utah
Lake Victoriafort,North Carolina
West Stephanie,Florida
South Blake,Virginia
Port Jameston,Arizona
Michaelstad,Virginia
Micheleberg,Arizona
West Jacobside,Indiana
Chelseaville,Oklahoma
South Briannashire,Utah
Torresburgh,Mississippi
New Christyfurt,Vermont
Butlerhaven,Georgia
Richardsonborough,Oklahoma
Lake Raymond,Kansas
Frankchester,Connecticut
East Amybury,Massachusetts
South Joseph,Michigan
Gregoryshire,Iowa
South Michelleshire,Arkansas
North William,Iowa
Harrisberg,Oregon
Lake Samanthaborough,Maine
Lake Wendybury,Kentucky
Kimtown,Wisconsin
Leeport,Utah
Morrisonberg,Alabama
Lake Kelly,California
Lewisfort,New Mexico
Kathleenshire,Connecticut
Youngberg,North Dakota
Port Stevenstad,Maryland
Lake Aaron,New Jersey
South Charlesland,Arkansas
Huffstad,Oklahoma
Port Joel,Pennsylvania
Douglastown,New York
Robertport,Alaska
Adkinshaven,Utah
Bethhaven,South Carolina
Patrickshire,Wyoming
Dominiqueborough,Indiana
Higginshaven,Washington
Johnsonmouth,Ohio
North Jasonbury,Alaska
Williamsshire,Kansas
Jeffreyborough,Connecticut
Butlerhaven,Georgia
West Shawntown,Massachusetts
West Erica,Michigan
Pattersonport,Maryland
West Josephhaven,West Virginia
West Gabrielhaven,Nebraska
South Jeffreyfurt,New Jersey
Jonesfort,Delaware
Lake Jessicaborough,Idaho
Annaport,California
Lake William,Delaware
West Jasonmouth,Iowa
Lake Samanthaborough,Maine
East Jodi,Colorado
Stevenborough,Hawaii
Lake Erikburgh,South Carolina
Stephaniestad,Pennsylvania
Lake Kelly,Alaska
Wagnerburgh,Wisconsin
East Bryanbury,Oregon
South Lisa,Vermont
Mannchester,South Dakota
Ballview,Wyoming
South Victormouth,California
East Matthew,Alaska
Davidburgh,Arkansas
Bellmouth,Indiana
South Jaimeland,Oregon
West Michael,Virginia
Port Benjamin,Colorado
South Barry,Wyoming
Port John,Colorado
Port Benjamin,Colorado
Moodymouth,Missouri
West Danielton,Delaware
New Kelly,Michigan
Lake Pamelashire,Nebraska
Madisonside,Connecticut
Port Christine,Utah
Lake Stevenhaven,Idaho
Sarahberg,Utah
Lake Angela,Connecticut
Jameschester,Hawaii
Blakefort,Connecticut
Hicksmouth,Georgia
North Stephen,Kansas
Lake Justinstad,Iowa
Perezville,Oregon
Jillton,Arkansas
Chelseaville,Oklahoma
Davidstad,Iowa
Andersonbury,New Jersey
North Davidberg,Utah
Stonebury,Alabama
Roseberg,Connecticut
Haydenhaven,Washington
Stevenborough,Hawaii
Lake Derektown,New York
West Jeffreyborough,New Hampshire
West Melissatown,Arizona
Margaretview,Kentucky
New Michael,New Hampshire
New Lorishire,Iowa
Mariestad,Massachusetts
Lake Cameronville,Pennsylvania
Alvarezfort,South Dakota
Chadfort,Missouri
South Codychester,Utah
New Benjamin,Minnesota
Davidstad,Iowa
Jasonland,West Virginia
West Allison,Hawaii
Port Lori,New Hampshire
North Sharon,Missouri
Port Austinton,Pennsylvania
Cardenasfurt,Idaho
East Matthew,Alaska
New Stephanieville,Wyoming
West Patricia,Illinois
Allenberg,Maine
Port Jasonborough,New York
Rodneyside,South Dakota
Richardsonchester,North Dakota
Port Jamesside,Delaware
New Peggymouth,Hawaii
Deborahhaven,Montana
Jonathanmouth,Utah
Mariatown,Nevada
Smithborough,New Jersey
East Christinastad,Mississippi
Heathermouth,Ohio
East Alejandrafort,Massachusetts
Lake William,Wisconsin
Lake Angela,Connecticut
South Tinachester,Louisiana
North Tammy,South Carolina
East Shelbyport,Tennessee
West Jenniferborough,California
Sloanport,Maine
North William,Nevada
East Kennethmouth,Oklahoma
New Matthew,Louisiana
Port April,Pennsylvania
Port Joshuatown,Ohio
Jeantown,Idaho
Lake Cameronville,Pennsylvania
East Jennifermouth,Kentucky
West Jennifertown,Tennessee
Edwardville,Washington
Carlsonstad,South Dakota
Lake Kenneth,Pennsylvania
Port Jonathan,Arizona
New Stevenbury,Utah
Calvinton,California
North Stevenmouth,Nevada
North Wendyland,Nebraska
Cherylmouth,Hawaii
Michaelmouth,Louisiana
Starkberg,Rhode Island
Lake Dawnview,North Carolina
South Amandashire,Georgia
Christopherville,Ohio
Garciaton,Wyoming
East Aprilside,South Dakota
Bartonbury,Wisconsin
Franklinville,North Dakota
Angelachester,New Mexico
East Charles,South Dakota
Tabithamouth,New Mexico
Lake Steven,Texas
East Catherineborough,Alabama
Michaelstad,Alabama
Jonathanfort,West Virginia
Lake Ryan,Illinois
Denisestad,Ohio
Shawnberg,Vermont
Krystalside,Georgia
Morrisstad,Virginia
Shawnberg,Vermont
Cynthiaville,Illinois
Port Sarahfurt,New Mexico
East Joseph,Pennsylvania
Adkinsfort,Arkansas
Wilsonborough,Connecticut
South Christina,Utah
West Erin,Maine
South Briannashire,Utah
Robertmouth,New Hampshire
Thomasside,North Dakota
Daniellefurt,Indiana
Kathleenshire,Connecticut
Hernandezside,Iowa
Lake Zachary,Pennsylvania
North Virginia,California
West Lesliefurt,Pennsylvania
Smithhaven,Oklahoma
Cameronmouth,Tennessee
Sanchezhaven,Oklahoma
New Ashley,Hawaii
Lake William,Delaware
New Theresatown,Missouri
Port Susan,Alabama
Michaelstad,Alabama
East Lawrenceshire,Pennsylvania
Kimberlyshire,Iowa
South Cindymouth,Idaho
Ramirezmouth,Kansas
Longport,Maryland
Hollychester,Michigan
Lake Lisa,South Dakota
Lake Michelleport,Alaska
Port Richard,Georgia
North Amanda,Missouri
East Shane,West Virginia
Brittneyborough,Maryland
Richardmouth,Michigan
East Michellestad,New Hampshire
Port Natalieton,Oklahoma
Sextonchester,Illinois
Christopherview,Wyoming
Jamesbury,Alabama
West Jonathan,North Dakota
Dukeburgh,Alabama
Lake Jesse,New Mexico
Kirkberg,Rhode Island
Brittanyport,New Hampshire
New Gregoryport,North Carolina
East Jesseton,Montana
Ianside,South Dakota
Walkerland,North Dakota
West Tyler,New Mexico
Riosfort,Pennsylvania
Beasleybury,Oregon
East Shawnfort,North Dakota
North Tylerton,Michigan
North Laurentown,Missouri
Port Steveland,Oklahoma
Emilyside,Texas
New Kelly,Michigan
Port Johnton,North Carolina
South Alanside,Maine
East Gregory,Louisiana
Sherryside,Idaho
East Paul,New York
North Davidberg,Utah
West Jaredside,California
Longshire,Arizona
Perezville,Oregon
Lindaville,South Carolina
Foxberg,Oklahoma
Port Rhondastad,Georgia
Port Heidistad,Iowa
Josephshire,South Carolina
West Rebekah,Georgia
Kevinton,Massachusetts
Brandonshire,Pennsylvania
West Amber,Alabama
South Lisa,Vermont
Harrisonfurt,Indiana
South Melissaburgh,Arkansas
Lake Ryan,Rhode Island
Adkinshaven,Utah
Petermouth,Minnesota
Robertsstad,West Virginia
Wallaceport,Oregon
Omarmouth,Mississippi
East Veronicamouth,Utah
Lake Michaelbury,Alabama
Toddstad,Kansas
South Blake,Virginia
Alanstad,New York
Lake Dawnview,North Carolina
Brianside,California
Jesseton,South Carolina
Kristinstad,Alabama
West Robert,Massachusetts
Lake Dianetown,Washington
North Catherinetown,South Dakota
New Jean,North Dakota
New Stevenbury,Utah
Lake Jamie,Iowa
Floresbury,Kentucky
South Shawnaport,Utah
Lake Michelle,New York
Wilsonmouth,Mississippi
Lake Margaret,Texas
Davisburgh,Maryland
Moralesview,Georgia
East Julie,Michigan
West Rebeccaport,Mississippi
Davidton,Louisiana
Gilmorefort,Alaska
East Michael,Montana
Jonesshire,Texas
South Gregory,California
Poolefurt,Rhode Island
Annaport,California
Myersbury,Georgia
North Ethanland,Washington
Gibsonchester,Massachusetts
South Codychester,Utah
East Brianview,Iowa
East Thomas,Pennsylvania
Lake Natalietown,Pennsylvania
Erinmouth,North Dakota
Jenniferview,Illinois
Lake Jennifer,Texas
Frankchester,Connecticut
Gonzalezberg,Louisiana
North Elizabethshire,New Hampshire
Johnsonbury,Mississippi
New Jacob,Alaska
Port Bradleymouth,Iowa
West Matthewchester,Michigan
Lake Michaelbury,Alabama
Jonesland,Colorado
Bellton,New Hampshire
New Theresatown,Missouri
Lake Nicoleburgh,New Mexico
New Johnview,California
Port Lisafort,California
Hoganmouth,Kentucky
South Reginaldmouth,Wisconsin
West Ronaldhaven,Indiana
Port Lindseyland,Hawaii
New Dennisport,Idaho
Williamsview,Utah
West Barbara,South Carolina
West Jonathanville,Florida
Clementsfort,New York
Rubenton,Texas
New Robertmouth,Mississippi
Toddstad,Kansas
New James,Indiana
Lake Mitchell,Montana
North Anthony,Oklahoma
South Kennethville,Colorado
East Melissaburgh,Mississippi
East Terry,Delaware
Deborahhaven,Montana
East Davidberg,Hawaii
South Alanside,Maine
Murphychester,Wisconsin
Rebeccafurt,Alaska
Charlesside,Kentucky
Henryshire,Vermont
South Donaldtown,West Virginia
Jesseton,South Carolina
Clarktown,Minnesota
Mckenziestad,Iowa
Santanatown,Kentucky
East Carmenberg,Florida
East Lisa,New Hampshire
Haysburgh,New Mexico
New Lorishire,Iowa
Lopezmouth,Missouri
South Tinachester,Louisiana
Pattersonstad,Montana
Rebeccafurt,Alaska
Blakebury,Texas
North Elizabethshire,New Hampshire
New James,Washington
South Felicia,New Hampshire
North Jonathanside,Kentucky
South Paul,Missouri
South Tammyberg,Idaho
Jamesbury,Alabama
East Edward,Oregon
Lake Michael,Mississippi
Lake James,New York
Ericburgh,Delaware
Juanhaven,Louisiana
Port Steveland,Oklahoma
Waltershire,Oregon
Moodymouth,Missouri
East Bryanbury,Oregon
Sarahton,Oklahoma
Dixonfurt,North Dakota
East Ellenburgh,Washington
Castillochester,New Hampshire
New Stephanieville,Wyoming
North Amanda,Missouri
Moralesview,Georgia
Port Jasonborough,New York
New Michaeltown,Tennessee
Wagnerburgh,Wisconsin
Port Derek,South Dakota
Petermouth,Minnesota
Port April,Pennsylvania
East April,Colorado
Larsonfort,North Carolina
New Peggymouth,Hawaii
Masonfurt,South Dakota
Robertborough,Idaho
East John,North Dakota
New Michael,Alaska
Lake Angelabury,Illinois
South Carriestad,New Hampshire
Davidville,Texas
Lake Michael,Mississippi
Lake Meghan,New Mexico
Jacobsfort,Colorado
Johnsonshire,Illinois
Huertaview,Illinois
Brittanyport,New Hampshire
Lake Robertville,Arizona
Port Kennethside,Mississippi
New Sarahside,Oregon
Sheryltown,Virginia
Mooreside,Maryland
Michellefort,Maryland
Ashleyport,North Dakota
Smithhaven,Oklahoma
Brandontown,Rhode Island
South Joshua,New York
Port Kevinborough,Maryland
South Michaelstad,Indiana
Daniellefurt,Indiana
East Tiffany,Vermont
West Nicolefort,Arkansas
Lake Juliashire,New York
Holmesshire,Maine
West Alexside,Montana
Morganfurt,Oklahoma
Nicoleside,South Carolina
New Angelica,Arizona
East William,Michigan
Perezburgh,Delaware
Rogersfurt,Nebraska
Beasleybury,Oregon
Morrisonberg,Alabama
Richardchester,New Jersey
Davisshire,Connecticut
Port Tiffanyside,Indiana
Clineview,North Dakota
Barrettfort,Nevada
North Kevin,Arizona
Stephensonburgh,Kentucky
Jenniferhaven,Vermont
New Jacob,Virginia
Rayton,North Carolina
Lesliestad,Wisconsin
South Jaimeland,Oregon
Vaughanport,Alabama
Lake Jessicaborough,Idaho
Waltershire,Oregon
East Christina,New Mexico
Rodriguezside,Florida
New Jorge,Wisconsin
North Kelly,Kansas
Davisburgh,Maryland
Poolefurt,Rhode Island
New Alexisborough,Indiana
Port Johnton,North Carolina
New Jacob,Alaska
South Michael,Pennsylvania
Colemanville,Minnesota
New Matthew,Louisiana
Mooreside,Maryland
South Jerry,Wyoming
West Chelseaport,Iowa
Lake James,New York
New James,Washington
Jillton,Arkansas
Benjaminfurt,Georgia
West Jaredside,California
Davidstad,Iowa
Lake Jesse,New Mexico
Jamesbury,Alabama
Lake Aliciamouth,Montana
East Allen,Iowa
Lake Meghan,New Mexico
Rogersfurt,Nebraska
Longbury,Hawaii
Matthewchester,Kentucky
Markberg,Maine
West Amy,Ohio
Craigmouth,Vermont
Bradleyhaven,Maine
North Kendrashire,West Virginia
Allenberg,Maine
Lake Timothy,Texas
Richardsonborough,Oklahoma
Shawnberg,Vermont
West Brian,Texas
Lake Travis,Maryland
Freemanland,Mississippi
Lake Dawnview,North Carolina
East Christine,North Dakota
West Jonathanshire,Massachusetts
Simpsontown,Minnesota
Wilsonmouth,Mississippi
Gregoryshire,Iowa
Kristinstad,Alabama
New Blake,North Dakota
Isaacburgh,Florida
Port Kevinborough,Maryland
Transtad,Missouri
West Donald,Louisiana
Davisburgh,Maryland
South Samanthahaven,Oregon
Lake Richardberg,Kansas
Lake Julie,Alabama
South Juan,Nebraska
Sloanport,Maine
West Jerryfurt,Wisconsin
North Hayleytown,Arizona
East Bryanbury,Oregon
Piercebury,Wisconsin
Davidburgh,Arkansas
Benjaminfurt,Georgia
New Michaeltown,Tennessee
Colemanville,Minnesota
Rodriguezside,Nevada
North Virginia,California
Lake Richardberg,Kansas
East Brianview,Iowa
East Aprilside,South Dakota
Carlsonstad,South Dakota
Lake Andrea,Colorado
New Jenniferburgh,Minnesota
West Robert,Massachusetts
West Mary,Texas
Matthewborough,Maine
West Nicolefort,Arkansas
West Allisonfort,Illinois
Wilsonmouth,Mississippi
Samanthashire,New Hampshire
Lake Ebony,Hawaii
North Larry,California
Danielchester,Indiana
Lake Christopher,Kansas
North Kennethchester,Maine
West Christopherton,New Hampshire
New Joseph,North Dakota
New Johnport,New Jersey
Lake Timothy,Texas
Maryfort,Indiana
Estradaport,Idaho
Connieport,Wyoming
Woodfurt,Alaska
Ianside,South Dakota
Kimberlyshire,Iowa
Danielview,Maryland
Lake Meghan,New Mexico
Wallland,Colorado
Nicholstown,Illinois
Jesseton,South Carolina
Lake Angelabury,Illinois
Mooreburgh,Vermont
Lake Kristen,Utah
Clarkshire,Arkansas
Lake William,Alaska
East Veronicamouth,Utah
Port Gavin,Utah
East Charles,South Dakota
New Andrew,North Carolina
Raymondton,Vermont
Pattersonport,Maryland
Matthewborough,Maine
Port James,Pennsylvania
Davidland,Nevada
West Edward,New Hampshire
Lake Cathyburgh,Tennessee
Annebury,Colorado
West Allisonfort,Illinois
Jefferyside,West Virginia
New Alanport,Nebraska
Lake Jessicaborough,Idaho
South Kennethport,Louisiana
Browningmouth,Connecticut
Keithburgh,Mississippi
Osbornestad,Ohio
Barrettfort,Nevada
Clarktown,Minnesota
Myersbury,Georgia
Bellstad,Wisconsin
Wangborough,Ohio
Wallaceport,Oregon
Sanchezhaven,Oklahoma
New Andrew,North Carolina
Whitefurt,Pennsylvania
Harrisonfurt,Indiana
Lake Josemouth,Maine
Port Scotttown,Hawaii
East Christopherfort,Iowa
Clineburgh,Nevada
South Gregory,California
South Lisa,Massachusetts
Lake Ryan,Mississippi
Anthonyside,Mississippi
West Lindaborough,Massachusetts
South Corymouth,Alaska
West Edward,New Hampshire
New Kristen,Alabama
South Tammyberg,Idaho
North Tammy,South Carolina
South Dawnside,Alaska
South Bob,Arizona
South William,Tennessee
South Steven,Mississippi
Russellmouth,Arizona
Leestad,Indiana
East Paul,New York
Adamfurt,Minnesota
North Andrea,North Dakota
Davidchester,New Jersey
Johnsonside,California
Bellstad,Wisconsin
Harrisberg,Oregon
Lake William,Tennessee
Johnsonmouth,Hawaii
Lake William,Alaska
Fuentesshire,Massachusetts
West Cindy,Wisconsin
Lake Lisa,South Dakota
Lake Michael,Mississippi
Lake Stevenhaven,Idaho
Lake Ryan,Mississippi
Lake Cassandra,Louisiana
South Shawnaport,Utah
South Michael,Maine
Port Theresa,Maryland
Lake Juliashire,New York
Haydenhaven,Washington
Janetchester,Nebraska
New James,Washington
South Brittanyton,Nebraska
Sheliafort,California
Riosfort,Pennsylvania
Micheleberg,Arizona
Port Lucasview,South Dakota
Brittneyborough,Maryland
Lake Andrew,Mississippi
Schultzfurt,Delaware
East Thomas,Pennsylvania
East Alejandrafort,Massachusetts
Robinsonside,Hawaii
South Melissaburgh,Arkansas
Ianside,South Dakota
East Christopher,South Dakota
Lake Robertville,Arizona
Lake Kristen,Washington
Sarahton,Oklahoma
Annamouth,Idaho
West Jessica,Nevada
Allenland,Hawaii
East Jill,Maine
North Sharon,Missouri
Krystalside,Georgia
Williamland,Montana
New Timothyville,South Carolina
South Timothyberg,Vermont
West Jennifer,New Hampshire
Port Richard,Georgia
Amyland,Rhode Island
North Virginia,California
Higginshaven,Washington
Kevinton,Massachusetts
Angelachester,New Mexico
Port Kellymouth,California
Lake Terri,Colorado
North Rhonda,Georgia
West Stephanie,New Hampshire
Flynnfort,Kentucky
East Christinastad,Mississippi
Mariestad,Massachusetts
Lake Gary,Minnesota
New Wendy,Florida
New Laura,North Carolina
Port Victorville,Colorado
North Monicaview,New Jersey
Bellville,South Dakota
South Jaimeland,Oregon
New Michael,Alaska
North Sarah,Ohio
Lake Lisa,South Dakota
Craigmouth,Vermont
West Lucasmouth,West Virginia
Port Timothy,New Jersey
West Chelseaport,Iowa
West Christopher,Michigan
Wilsonburgh,Colorado
Bellton,New Hampshire
Lesliestad,Wisconsin
Lake Mirandamouth,North Dakota
Williamstown,Arkansas
West Brian,Texas
Port Susan,New Hampshire
Elizabethfort,New York
North Justin,Iowa
South Jasonside,Maryland
West Deannaview,California
Oconnellburgh,Louisiana
Wolfview,Alaska
West Matthewchester,Michigan
South William,Tennessee
Williamshire,Alaska
Smithborough,New Jersey
Rayton,North Carolina
East Taraville,Kentucky
Simmonsview,Nevada
East Andreabury,Pennsylvania
Port Natalieton,Oklahoma
Armstrongstad,Michigan
Port Heidistad,Iowa
New Darryl,Nevada
Batesview,Massachusetts
South Sandrabury,Hawaii
South Lisa,Vermont
Dannyfurt,Virginia
Joycemouth,Georgia
Elizabethburgh,California
Sarahhaven,Iowa
West Melissatown,Arizona
Lisamouth,Wisconsin
South Jasonside,Maryland
Lake Robertville,Arizona
Sanchezhaven,Oklahoma
Sarahton,Oklahoma
Lewishaven,Maryland
Port Elizabeth,Connecticut
East Jessica,New Mexico
South Juan,Nebraska
Kimberg,Nebraska
Larsonfort,North Carolina
Port John,Arizona
Walkerland,North Dakota
Schultzfurt,Delaware
Bennettstad,Alabama
Amyview,Texas
Madisonside,Connecticut
Evansmouth,Vermont
West Jasonmouth,Iowa
East April,Colorado
North Elizabethshire,New Hampshire
West Ashley,Louisiana
West Alexside,Montana
Hollychester,Michigan
Vegashire,New Mexico
North Jonathanside,Kentucky
Lake Steven,Texas
New Stevenbury,Utah
Mannchester,South Dakota
Lake William,Virginia
East Pamelafurt,Montana
Leeshire,Nevada
Crystalport,North Dakota
Brayland,Alabama
Gregoryshire,Iowa
Wattsbury,Vermont
Jeantown,Idaho
South Debbie,Louisiana
Goodmanhaven,Maryland
Sherryside,Idaho
South Joshua,New York
New Jorge,Wisconsin
South Mark,Maryland
Port Makaylachester,North Dakota
Port Makaylachester,North Dakota
Wolfview,Alaska
Lake Cathyburgh,Tennessee
Lake Victoriafort,North Carolina
Craigmouth,Vermont
New Jacob,Virginia
Krauseborough,Maine
Port Timothyshire,Alabama
New Theresatown,Missouri
New Jacquelineview,Utah
Bethhaven,South Carolina
South Felicia,New Hampshire
Port Joel,Pennsylvania
South Mark,Kansas
Port Davidfurt,North Dakota
Brooketon,New York
Lake Jodimouth,Vermont
Blakebury,Texas
Acevedohaven,Missouri
South Jeffreyfurt,New Jersey
Sellersbury,Kansas
Johnsonbury,Mississippi
Lake Ryan,Rhode Island
Wilsonburgh,Colorado
West Todd,Wisconsin
North Wandafort,Arizona
Stonefurt,Kentucky
Harrisberg,Oregon
New Randallfort,Colorado
Elizabethburgh,California
New Benjamin,Minnesota
Leestad,Indiana
East Lauramouth,Maine
Allenland,Hawaii
Port Zachary,Virginia
Beckerberg,West Virginia
East George,North Dakota
Marquezmouth,Kentucky
West Jessica,Nevada
Amandashire,Vermont
Lambberg,Florida
South Felicia,New Hampshire
Lopezburgh,Idaho
Jonathanside,Kansas
East Gregory,Louisiana
Franklinville,North Dakota
Port John,Arizona
New Alexisborough,Indiana
South Raymondville,Vermont
Deckerburgh,Missouri
Fuentesshire,Massachusetts
Lake Tiffany,New Jersey
Lake Aaron,New Jersey
Port Jacqueline,Arkansas
Lake Cassandra,Louisiana
Taylorport,California
West Erin,Maine
South Raymondville,Vermont
Lake Stevenhaven,Idaho
Port Steven,Iowa
Brittanyfort,Virginia
East Joseph,Pennsylvania
Woodfurt,Alaska
Blakefort,Connecticut
North Kennethland,Maine
Johnsonview,Hawaii
West Todd,Wisconsin
Port Shannonborough,South Carolina
Annebury,Colorado
Lake William,Virginia
North William,Nevada
Lake Andrew,Mississippi
Port Timothy,New Jersey
Jonathanfort,West Virginia
South Justinfort,West Virginia
Cameronmouth,Tennessee
New Robertmouth,Mississippi
Newmanport,New Mexico
West Stephanie,New Hampshire
New Pedro,Iowa
Lake Ryanbury,Massachusetts
New Christyfurt,Vermont
Browningmouth,Connecticut
North Hayleytown,Arizona
Lake Jodimouth,Vermont
East Samanthabury,Montana
Riveraton,Oregon
North Carlos,Wisconsin
Rodriguezton,Tennessee
Sharonchester,Iowa
Sheryltown,Virginia
East Carmenberg,Florida
Adamsland,Pennsylvania
New Dennis,Oregon
Adamsland,Pennsylvania
West Jonathanville,Florida
East Ricardo,Delaware
Andersonbury,New Jersey
Lake Kelly,Alaska
Goodmanhaven,Maryland
Wilsonborough,Connecticut
Ericville,Texas
North Daniel,Utah
Roseberg,Connecticut
Floresbury,Kentucky
West Brian,Illinois
Lindaville,South Carolina
Adamfurt,Minnesota
Davidborough,North Dakota
Davisshire,Connecticut
Oconnellburgh,Louisiana
Jessicachester,Florida
West Daniellefort,South Carolina
Rodriguezton,Tennessee
North Timothystad,Massachusetts
Lake Eric,Georgia
Poolefurt,Rhode Island
South Kennethville,Colorado
Ericville,Texas
Angelachester,New Mexico
Jonesview,Florida
South Alexandra,Tennessee
West Jerryfurt,Wisconsin
West Christina,Oklahoma
East Ellenburgh,Washington
Lake Jacobville,New Jersey
East Alex,Arizona
New Brandiberg,Hawaii
North Brian,Rhode Island
North Kathleen,Oregon
West Amber,Alabama
East Brian,Kentucky
Charlesfurt,Illinois
Port James,Pennsylvania
Lake Patrick,Minnesota
Douglastown,New York
Simmonsview,Nevada
Riveraborough,Massachusetts
Amyland,Rhode Island
Lake Angela,New Hampshire
Port Christine,Utah
Jonathanmouth,Utah
Laurenchester,South Carolina
Ortegamouth,Kentucky
Jacobsfort,Colorado
West Patricia,Arkansas
Matthewmouth,New York
Monicaland,Oklahoma
Lake Cassandra,Louisiana
Lake Heathershire,West Virginia
New Joseph,North Dakota
Michaeltown,Alabama
West Justinburgh,Kansas
Port Victoriahaven,Missouri
New Johnview,California
Raymondton,Vermont
North Lindaton,Kentucky
Toddchester,Tennessee
Tammyville,North Carolina
Batesview,Massachusetts
South Michael,Pennsylvania
Margaretview,Kentucky
East Amybury,Massachusetts
Aaronstad,Colorado
Port Lori,Louisiana
Huertaview,Illinois
New Mary,Louisiana
Flynnfort,Kentucky
East John,North Dakota
Wallaceport,Oregon
North Lindaton,Kentucky
South Debbie,Louisiana
Troybury,Louisiana
East Edward,Oregon
South Marc,Minnesota
Davidville,Texas
Port Sarahfurt,New Mexico
Johnport,Florida
Robertmouth,New Hampshire
East Shawnfort,North Dakota
West Daniellefort,South Carolina
West Shawntown,Massachusetts
Raymondton,Vermont
Christopherville,Ohio
Acevedohaven,Missouri
Amyland,Rhode Island
North Catherinetown,South Dakota
South Joshua,New York
Adamtown,Colorado
Jesseville,Alaska
Rodriguezside,Florida
Annamouth,Idaho
Johnsonside,California
Lake Natalietown,Pennsylvania
Lopezburgh,Idaho
Lake Tiffany,New Jersey
West Rebekah,Georgia
Brandymouth,Virginia
North William,Nevada
New Gregoryport,North Carolina
Moralesview,Georgia
Lake Shellyfurt,Massachusetts
Wallland,Colorado
Andreastad,New Jersey
Bradleyland,Connecticut
Ballmouth,Washington
South Zacharyport,Idaho
Rebeccaberg,New Mexico
West Mary,Texas
Port Tiffanyside,Indiana
Aliciabury,Colorado
East April,Colorado
Elizabethfort,New York
West Sara,Colorado
North Justin,Iowa
West Nancy,Mississippi
Lake Eric,Georgia
North Tylerton,Michigan
Tamarashire,Arkansas
West Jennifertown,Tennessee
Lake Cristianstad,Rhode Island
Lake William,California
Johnsonmouth,Kansas
New Pedro,Iowa
South Mark,Maryland
Port Phillipbury,Oregon
East Michael,Montana
Williamview,Maryland
Johnsonmouth,Kansas
West Barbara,South Carolina
West Pamela,Wyoming
Port Jacqueline,Arkansas
Michaelton,Idaho
Lake Robin,Colorado
East Shelbyport,Tennessee
Port Martinburgh,North Carolina
East Allen,Iowa
Lake William,Virginia
North Angelaborough,Rhode Island
Lake Ebony,Hawaii
Port Lori,New Hampshire
Cartertown,New Hampshire
West Sarah,Maryland
Port Joshuatown,Ohio
New Dawntown,Wisconsin
Cherylmouth,Hawaii
Thomasside,North Dakota
Lake Jennifer,Texas
Nicolechester,Georgia
Bennettmouth,Maryland
Port Jeremy,Colorado
Webbville,South Carolina
Floresbury,Kentucky
New Donnatown,Arizona
Georgechester,Oregon
Gonzalezland,Maryland
West Justinborough,Utah
East Shawn,Idaho
Castillochester,New Hampshire
Millerland,Alabama
Tamarashire,Arkansas
Perezberg,Tennessee
East Shawnfort,North Dakota
North Linda,Tennessee
New Darryl,Nevada
Lake Victoriafort,North Carolina
South Cynthiaside,Rhode Island
East Alex,Arizona
North Kelly,Kansas
West Michael,Louisiana
Davidmouth,Alaska
Krauseborough,Maine
Port Stevenview,Idaho
New Brianburgh,West Virginia
East Paulburgh,Utah
North Wendyland,Nebraska
Jeremybury,Kentucky
Morrisside,New Jersey
Newmanport,New Mexico
East Lauramouth,Maine
Port Victoriahaven,Missouri
East Kennethmouth,Oklahoma
Jonathanfort,West Virginia
Browningmouth,Connecticut
East Joseph,Pennsylvania
Lake Andrea,Colorado
Alvarezshire,Nebraska
South Dominic,Missouri
Bellstad,Wisconsin
North Kathleen,Oregon
Lucasberg,Hawaii
Nathanton,Wyoming
Garciaton,Wyoming
Andersonbury,New Jersey
South Reneeshire,Oklahoma
New Pedro,Iowa
Port Bethany,New Mexico
Larsonfort,North Carolina
Lake Andrea,Colorado
South Suzanne,Ohio
Ianshire,Wisconsin
North Davidberg,Utah
Mitchellmouth,Florida
Port Jacqueline,Arkansas
East Paula,Iowa
Lake Brettville,Nebraska
Aprilfurt,Montana
Johnsburgh,Nevada
Shannonhaven,Kentucky
Lake Rebecca,Oklahoma
South Jennifer,Idaho
Morganfurt,Oklahoma
New Jean,North Dakota
North William,Iowa
Josephshire,South Carolina
Davisshire,Utah
Norrisbury,South Dakota
Lake Zachary,Pennsylvania
Troybury,Louisiana
North Amanda,Missouri
Richardmouth,Michigan
East Julie,Michigan
Lake Wendybury,Kentucky
Lake Michaelland,Virginia
Lucasberg,Hawaii
Lake Samanthaborough,Maine
Lake Mirandamouth,North Dakota
New Gregoryport,North Carolina
Stephaniestad,Missouri
West Deannaview,California
North Linda,Tennessee
Anthonyton,Illinois
New Brandiberg,Hawaii
West Matthewchester,Michigan
Russellmouth,Arizona
West Christopherton,New Hampshire
Edwardville,Washington
Webbville,South Carolina
Curryshire,Colorado
Lake Aaron,New Jersey
Clineburgh,Nevada
East Shane,West Virginia
Port Lindaport,Indiana
Bradleyhaven,Maine
Katherineside,Indiana
Christopherville,Ohio
Tonimouth,Georgia
Russellmouth,Arizona
Allenland,Hawaii
Starkberg,Rhode Island
Port Jameston,Arizona
West Michael,Virginia
Port Makaylachester,North Dakota
Keithburgh,Mississippi
East George,Mississippi
Jerryville,New Mexico
Batesview,Massachusetts
Allenberg,Maine
Sellersbury,Kansas
Ballmouth,Washington
Adkinshaven,Utah
East Samanthabury,Montana
Michaelton,Idaho
South Michelleshire,Arkansas
Port Jamesside,Delaware
Port Shannonborough,South Carolina
West Dana,New York
Jessicachester,New Mexico
Walkerborough,Arizona
North Sharon,Missouri
Michellefort,Maryland
South Mark,Kansas
Brennanfort,Utah
Michaelstad,Alabama
Davidchester,New Jersey
North Linda,Tennessee
Cameronside,Mississippi
Camposberg,Colorado
Port Garyhaven,Nevada
West Patrickton,Kentucky
Port Phillipbury,Oregon
Rodriguezberg,Oregon
East Megan,Wyoming
Port Lisafort,California
Sarahchester,Vermont
Brianside,California
Shannonhaven,Kentucky
New Dawntown,Wisconsin
East Nicole,Delaware
Lake William,Wisconsin
West Dennis,Georgia
East Nataliemouth,Alabama
South Barry,Wyoming
East Tiffany,Tennessee
Sarahhaven,Iowa
Annetteberg,Wyoming
Santanatown,Kentucky
New Kellyshire,Alaska
South Olivia,Colorado
Timothybury,Idaho
Vanessabury,North Carolina
Lake Kristen,Utah
Lake Mitchell,Montana
Dixonfurt,North Dakota
Simpsontown,Minnesota
Wagnerburgh,Wisconsin
Harrisonfurt,Indiana
West Pamela,Wyoming
Lake Kelly,Alaska
Port Kennethside,Mississippi
Port Jeremy,Colorado
Sellersbury,Kansas
Waltershire,Oregon
Alanstad,New York
South Alexandrahaven,Florida
West Christina,Oklahoma
Jasonberg,West Virginia
Petermouth,Minnesota
New Stacy,Wisconsin
West Johnmouth,Montana
Lake Andrewshire,Ohio
East Jacquelinefurt,Idaho
Nathanton,Wyoming
Ericville,Texas
Williamstown,Alaska
Tabithamouth,New Mexico
West Patriciaborough,Pennsylvania
Lake Michelle,Maine
North Kennethland,Maine
East George,North Dakota
Walkerstad,Idaho
North Lindaton,Kentucky
South Kennethport,Louisiana
East Melissaburgh,Mississippi
Lake Nicoleberg,Montana
Lopezmouth,Missouri
Matthewmouth,New York
East Paula,Iowa
Evansmouth,Vermont
Simmonsview,Nevada
Henryshire,Vermont
Johnsonchester,Iowa
Lake Michelle,New York
Josetown,Connecticut
Carlsonstad,South Dakota
West Justinborough,Utah
Port James,Pennsylvania
South Donaldtown,West Virginia
Port Jameston,Arizona
New Alexisborough,Indiana
South Amber,Mississippi
Ianshire,Wisconsin
New Matthew,Louisiana
West Deannaview,California
Stephanieport,California
Edwardville,Washington
North Tylerton,Michigan
West Crystal,Florida
Adkinsfort,Arkansas
Jessicachester,Florida
Williamsview,Utah
Lake Ryan,Montana
North William,Iowa
Johnsonside,West Virginia
Wolfview,Alaska
Riveraton,Oregon
Hoganmouth,Kentucky
West Patricia,Illinois
Port Timothyshire,Alabama
North Matthew,North Dakota
Hollandstad,Kentucky
Jasonland,West Virginia
North Timothystad,Massachusetts
Taylorport,California
Lake Michelleport,Alaska
Lake Raymond,Kansas
Leeport,Utah
East Andreabury,Pennsylvania
Guerrerobury,Hawaii
Lake Ryan,Illinois
Crystalport,North Dakota
Hahnshire,Montana
Leeport,Colorado
Anthonytown,Alabama
North Brian,Rhode Island
Schmidthaven,Colorado
South Samuelhaven,Texas
Tiffanyburgh,Pennsylvania
New Karen,South Carolina
Daniellefurt,Indiana
East Juan,New Jersey
West Isabelville,West Virginia
Melaniehaven,Idaho
Rodriguezborough,Texas
Chadfort,Missouri
West Rebeccaport,Mississippi
East Catherineborough,Alabama
Lake Dianetown,Washington
Jenniferview,Illinois
New Laura,North Carolina
Port Ronald,Utah
West Stacymouth,Kansas
Port Darleneland,Utah
North Kathleen,Oregon
Davidland,Nevada
Sextonchester,Illinois
Nealchester,Hawaii
East Jenniferview,Massachusetts
New Lauren,Florida
West Jermaine,South Dakota
Port Derek,South Dakota
Lake Benjamin,Illinois
Port Zachary,Virginia
Hunterland,Indiana
Robertport,Alaska
Jenkinsmouth,Alabama
Reidside,Hawaii
South Tanyatown,Washington
Jasonberg,West Virginia
South Mark,Kansas
Cameronside,Mississippi
Lewishaven,Maryland
South Michelleshire,Arkansas
West Justinburgh,Kansas
Robinsonside,Hawaii
Hollandstad,Kentucky
South Kimberly,Arkansas
Melissaside,Washington
Danielchester,Indiana
Toddchester,Tennessee
South Debbie,Louisiana
South Marc,Minnesota
Andersonview,North Dakota
Brennanfort,Utah
South Timothyberg,Vermont
East Pamelafurt,Montana
Rodriguezside,Nevada
Alvarezshire,Nebraska
Brennanfort,Utah
Riosfort,Pennsylvania
Whitefurt,Pennsylvania
South Carriestad,New Hampshire
Brandymouth,Virginia
Cardenasfurt,Idaho
East Veronicamouth,Utah
Lake Stacyhaven,Maryland
Port Scotttown,Hawaii
South Greg,Kentucky
West Amandashire,Delaware
Anthonyton,Illinois
West Isabelville,West Virginia
West Isabelville,West Virginia
Bethanyview,Massachusetts
Port Darleneland,Utah
Joycemouth,Georgia
Lindaville,South Carolina
South Valerie,Kentucky
Ramosburgh,Oregon
Cruzland,South Carolina
Johnsonchester,Iowa
Port Bradleymouth,Iowa
Riveraborough,Massachusetts
Robertmouth,New Hampshire
Grimesborough,Utah
Lake Christopher,Kansas
New Ashley,Hawaii
West Joannaburgh,Utah
South Katrinashire,Idaho
Perryburgh,New Mexico
Port Christopher,New Jersey
Ericton,Illinois
Port Michael,Arkansas
West Allisonfort,Illinois
West Nancy,Mississippi
North Catherinetown,South Dakota
North Shawna,Florida
South Andrewstad,Mississippi
Markberg,Maine
Masseyborough,Oklahoma
West Michael,West Virginia
North Tammy,South Carolina
East Tiffany,Tennessee
Lake Gary,Minnesota
Lake Stacyhaven,Maryland
Michaelchester,Nevada
East Jenniferview,Massachusetts
Goodmanshire,North Dakota
West Crystal,Florida
New Dennis,Kansas
Longbury,Hawaii
Carrollchester,Wyoming
Chandlerbury,Maryland
Matthewchester,Kentucky
West Lucasmouth,West Virginia
Calderonville,Maryland
Katherineside,Indiana
Kingtown,Alabama
Johnsonbury,Mississippi
Port Gregorychester,Oregon
West Rachel,North Dakota
North Kelly,Kansas
Lake Wendybury,Kentucky
North Carlos,Wisconsin
South Michael,Maine
South Bob,Arizona
Haysburgh,New Mexico
East Stephanieside,Arizona
Stonefurt,Kentucky
Port Stevenstad,Maryland
Chandlerbury,Maryland
Haysburgh,New Mexico
Jeremyfurt,New Mexico
East Stephanieside,Arizona
New Michael,New Hampshire
Hahnshire,Montana
Hoganmouth,Kentucky
Port Wesley,North Carolina
Jenniferview,Illinois
South Abigail,Ohio
New Blake,North Dakota
Port Michael,Arkansas
Danaport,North Dakota
West Jermaine,South Dakota
Vaughanport,Alabama
South Dianaborough,Indiana
Lake Patricia,Rhode Island
New Angelica,Arizona
Laurenchester,South Carolina
Vaughanport,Alabama
South Christina,Utah
Laurenmouth,Hawaii
South Tanyatown,Washington
Mooreport,Alabama
Griffinshire,Illinois
Carlville,Connecticut
Danielview,Maryland
Duranland,Ohio
Aarontown,Rhode Island
South Sherry,Kansas
Port John,Michigan
East Michellestad,New Hampshire
Williamshire,Alaska
Cartertown,New Hampshire
North Daniel,Utah
Hollowayport,Colorado
West Rachel,North Dakota
Lake Angela,New Hampshire
South Kennethport,Louisiana
East Julie,Michigan
Deckerburgh,Missouri
Butlerhaven,Georgia
Starkberg,Rhode Island
Port Keith,Vermont
Murphyside,Alaska
Ramirezmouth,Kansas
Brianside,California
Christopherview,Wyoming
Patrickshire,Wyoming
Rodneyside,South Dakota
Cooperville,Vermont
Lambberg,Florida
Longshire,Arizona
West Todd,Wisconsin
Stephaniestad,Pennsylvania
Lake Ashleymouth,Florida
Davisshire,Utah
East Jodi,Colorado
Johnsonmouth,Ohio
Cooperville,Vermont
Port Alyssa,Rhode Island
Russellmouth,Iowa
West Danielton,Delaware
West Brittanyberg,Oklahoma
Port Susan,New Hampshire
Coltonmouth,Maryland
Lopezborough,Nevada
Hallport,Iowa
Beckerberg,West Virginia
New Christyfurt,Vermont
Lake Kristen,Utah
Beckerberg,West Virginia
Wrightfort,West Virginia
Duranland,Ohio
North Tyler,Vermont
Lake Jamie,Iowa
East Markton,Washington
Williamsshire,New Jersey
North Kevin,Arizona
South Kennethtown,California
Lake Travis,Maryland
Port Gregorychester,Oregon
Calderonville,Maryland
Williamshire,Alaska
South Stephanie,Idaho
South Samanthahaven,Oregon
Annebury,Colorado
West Michael,Louisiana
South Christopherfort,Texas
Port Christopher,New Jersey
West Jenniferborough,California
West Christina,Oklahoma
West Amandashire,Delaware
Wilsonstad,Mississippi
Cruzland,South Carolina
Ortegamouth,Kentucky
Port Beth,Maine
Ashleyport,North Dakota
Lake Justinstad,Iowa
New Timothyville,South Carolina
Camposberg,Colorado
Lake Ryanbury,Massachusetts
Wendyville,Indiana
West Justinborough,Utah
Graveshaven,California
Williamsshire,Kansas
Port Derek,South Dakota
Brownview,Colorado
Bradleyhaven,Maine
Lake Katie,Wisconsin
Longbury,Hawaii
Vanessabury,North Carolina
Leeshire,Nevada
Tinachester,Hawaii
Rubenton,Texas
New Kristen,Alabama
Tabithamouth,New Mexico
Laurenmouth,Hawaii
Port Austinton,Pennsylvania
Lake Cristianstad,Rhode Island
Lake Jameshaven,Maryland
Carmenville,Indiana
Stephenview,Connecticut
West Shawntown,Massachusetts
East Stephen,Hawaii
Tammyville,North Carolina
Johnsonview,Hawaii
Bethhaven,South Carolina
Andersonview,North Dakota
Hinesborough,Connecticut
South Marc,Minnesota
Mooreport,Alabama
West Michael,North Carolina
Dorseyborough,Missouri
New Sarahside,Oregon
Lake Benjamin,Illinois
Smithhaven,Oklahoma
Sheliafort,California
Lake Robin,Colorado
Williamstown,Arkansas
Lucasberg,Hawaii
West Gabrielhaven,Nebraska
Port Jasonborough,New York
Lake Margaret,Texas
New Kellyshire,Alaska
West Jennyborough,Nevada
Danaport,North Dakota
East Jill,Maine
Jacobhaven,Kansas
West Jennifertown,Tennessee
Lake Jessica,Colorado
Deborahhaven,Montana
Bellmouth,Indiana
North Carlos,Wisconsin
South Christopherfort,Texas
West Michael,West Virginia
East Jesseton,Montana
New Laura,North Carolina
Jasmineshire,Oklahoma
South Jeffreyfurt,New Jersey
Luismouth,Mississippi
West Mary,Texas
Lake Ashleymouth,Florida
South Amandashire,Georgia
Heathermouth,Ohio
East Stephanieside,Arizona
Bellmouth,Indiana
Kathleenshire,Connecticut
Mckenziestad,Iowa
South Samuelhaven,Texas
West Ashley,Louisiana
West Jonathan,North Dakota
Port Heidistad,Iowa
Nathanville,Missouri
East Dianatown,Oregon
North Kennethchester,Maine
East Christina,New Mexico
Port Joel,Pennsylvania
Lake Jamie,Colorado
Lake Jameshaven,Maryland
Aliciabury,Colorado
Laurenmouth,Hawaii
Hicksmouth,Georgia
Port Sarahfurt,New Mexico
West Patricia,Arkansas
Lake Jacobville,New Jersey
Wrightfort,West Virginia
South Maria,South Dakota
Nicoleside,South Carolina
Castillochester,New Hampshire
Lake Aliciamouth,Montana
North Brian,Rhode Island
Gonzalesport,Idaho
Armstrongstad,Michigan
East Matthewbury,Alabama
Cameronside,Mississippi
North Stephen,Kansas
Lake William,Tennessee
South Dominic,Missouri
Jacobsfort,Colorado
West Lindaborough,Massachusetts
Lake Nicoleberg,Montana
Bradleyland,Connecticut
Brooksbury,South Dakota
West Amandashire,Delaware
Elizabethfort,New York
Lake Charles,North Dakota
Lake Katie,Wisconsin
North Kendrashire,West Virginia
Holmesshire,Maine
Krystalside,Georgia
Jenkinsmouth,Alabama
New Dennisport,Idaho
Whitefurt,Pennsylvania
Longport,Maryland
South Dominic,Missouri
Jeremyfurt,New Mexico
Beckhaven,Nevada
North Jasonbury,Alaska
Lesliestad,Wisconsin
North Wandachester,Kansas
Perryburgh,New Mexico
Johnsburgh,Nevada
Beckhaven,Nevada
Karenshire,North Dakota
Port Shannonborough,South Carolina
Gonzalestown,Rhode Island
Lake Gary,Minnesota
Williamsshire,New Jersey
Port Beth,Maine
Matthewshire,Alaska
Vincentborough,Connecticut
Port Lori,Louisiana
Port Alyssa,Rhode Island
Mccalltown,Colorado
North Wandachester,Kansas
Dennisburgh,Delaware
Port Victorville,Colorado
Stevenborough,Hawaii
Port Heathertown,Nevada
Port Kellymouth,California
East Paula,Iowa
Emilyside,Texas
East Nicole,Delaware
West Stacymouth,Kansas
Josephshire,South Carolina
Leeberg,Alabama
East Christopherfort,Iowa
Blakebury,Texas
North Sarah,Ohio
South Reginaldmouth,Wisconsin
Cartertown,New Hampshire
Lindaborough,Iowa
North Kevin,Arizona
New Kellyshire,Alaska
West Melissatown,Arizona
Mccoyberg,South Dakota
Port Timothyshire,Alabama
West James,Montana
East Kennethmouth,Oklahoma
West Stephanie,Florida
East Carmenberg,Florida
Baileyville,Maryland
Lake Nicholasfort,Utah
Tiffanyburgh,Pennsylvania
Jonesshire,Texas
Elizabethburgh,California
Anthonytown,Alabama
Franklinville,North Dakota
Sheliafort,California
Lake Dianetown,Washington
West Samanthaland,Wisconsin
Michaeltown,Alabama
Vincentborough,Connecticut
West Ronaldhaven,Indiana
West Jennifer,New Hampshire
Sarahberg,Utah
Michaeltown,Alabama
Port Theresa,Maryland
Port Heathertown,Nevada
East George,Mississippi
West Cindy,Wisconsin
New Tamaraville,Rhode Island
West Erin,Maine
Curryshire,Colorado
Johnsonmouth,Hawaii
Bradfordtown,Minnesota
Port Kennethside,Mississippi
Osbornestad,Ohio
Lake Jodimouth,Vermont
West Lesliefurt,Pennsylvania
Jonesland,Colorado
East Jill,Maine
Lake Angela,New Hampshire
Davidborough,North Dakota
Gilmorefort,Alaska
Steeleville,Virginia
North Stevenmouth,Nevada
Port Bethany,New Mexico
Williamstown,Arkansas
West Jennyborough,Nevada
Perezberg,Tennessee
West Marcus,New Mexico
Jonesfort,Delaware
South Cindymouth,Idaho
Goodmanshire,North Dakota
East Christina,New Mexico
Beasleybury,Oregon
Kirkberg,Rhode Island
Richardsonchester,North Dakota
West Dana,New York
Lake Kenneth,Pennsylvania
Andersonview,North Dakota
Williamstown,Alaska
Kingtown,Alabama
East Lauramouth,Maine
Mccoyberg,South Dakota
West Michael,West Virginia
Karenshire,North Dakota
Heatherview,Iowa
New Michael,Alaska
New Jeremyview,Washington
New Jeremy,Illinois
Caseyside,Wyoming
Foxberg,Oklahoma
Morrisside,New Jersey
Robertborough,Idaho
Port Wesley,North Carolina
Adamfurt,Minnesota
Port John,Colorado
Lake Patricia,Rhode Island
South Mark,Maryland
Lake Shellyfurt,Massachusetts
Robertport,Alaska
West Danielton,Delaware
Lake Jameshaven,Maryland
Stonefurt,Kentucky
Longshire,Arizona
West Allison,Hawaii
Heatherview,Iowa
Brayland,Alabama
Walkerstad,Idaho
Murphyborough,Oklahoma
Griffinshire,Illinois
Stephenview,South Carolina
Taylormouth,Wyoming
Caseyside,Wyoming
North Andrea,North Dakota
Johnsonchester,Iowa
New Ann,Michigan
Tonimouth,Georgia
Murphychester,Wisconsin
South Stephanieborough,Kentucky
Jesseville,Alaska
Johnsonmouth,Kansas
Port Gavin,Utah
New Randallfort,Colorado
East Jennifermouth,Kentucky
Lake James,New York
Melaniehaven,Idaho
Jonathanside,Kansas
West Jennyborough,Nevada
West Susan,West Virginia
Williamview,Maryland
Port Daniel,Florida
New Maryfurt,Hawaii
Luismouth,Mississippi
North Tyler,Vermont
West Patricia,Arkansas
Port Rhondastad,Georgia
Walterfort,Ohio
Lake Tammy,New Jersey
Calvinton,California
Port Briana,California
North David,New Mexico
West Jaredside,California
Adamsland,Pennsylvania
South Christopherfort,Texas
Kingtown,Alabama
East Amybury,Massachusetts
Matthewborough,Maine
Johnport,Florida
Lake Heathershire,West Virginia
Lake Timothy,Texas
South Lisa,Massachusetts
Micheleberg,Arizona
Port Kylieville,Montana
Jasonberg,West Virginia
South Alexandra,Tennessee
Gonzalestown,Rhode Island
Leeberg,Alabama
Port Jonathan,Arizona
Carlville,Connecticut
North Lisa,Wyoming
Lake Danny,South Dakota
East Davidberg,Hawaii
Millerland,Alabama
Lopezmouth,Missouri
Tinachester,Hawaii
Rodriguezfurt,Nebraska
East Jodi,Colorado
Lopezborough,Nevada
Lake Stacyhaven,Maryland
New Donnatown,Arizona
Sherryside,Idaho
Christopherview,Wyoming
Gibsonchester,Massachusetts
West Crystal,Florida
Dorseyborough,Missouri
Alvarezshire,Nebraska
Port Jonathan,Arizona
Oconnellburgh,Louisiana
East Nataliemouth,Alabama
North Kennethland,Maine
Rodriguezbury,New York
Aarontown,Rhode Island
West Brittanyberg,Oklahoma
East Juan,New Jersey
Kevinborough,South Carolina
New Ashley,Hawaii
Dorseyborough,Missouri
Port Martinburgh,North Carolina
West Karentown,Arkansas
Carrollchester,Wyoming
North Susan,South Dakota
Lake Nicholasfort,Utah
South Steven,Mississippi
West Daniellefort,South Carolina
Port Daniel,Florida
New Tamaraville,Rhode Island
Lake Charles,North Dakota
South Sherry,Kansas
Jessicachester,Florida
Dominiqueborough,Indiana
Lake Michaelbury,Alabama
Lake William,California
Janetchester,Nebraska
South Shawnaport,Utah
Edwardport,Florida
Port John,Colorado
Lake Jacobville,New Jersey
Davidburgh,Arkansas
South Greg,Kentucky
Sloanport,Maine
New Lorishire,Iowa
Perryburgh,New Mexico
Lake Dannyville,Louisiana
Torresburgh,Mississippi
Mitchellmouth,Florida
Port Darleneland,Utah
Sextonchester,Illinois
Lake Brookeburgh,Kansas
Port Elizabeth,Connecticut
North Stephen,Kansas
West Allison,Hawaii
West Jonathanshire,Massachusetts
Jenningsport,New York
Jefferyside,West Virginia
South Tanyatown,Washington
South Kelly,Idaho
East Alejandrafort,Massachusetts
West Amber,Alabama
West Jeffreyborough,New Hampshire
North Paul,Delaware
West Sarah,Maryland
South Alexandra,Tennessee
Jonesland,Colorado
Rodriguezberg,Oregon
West Jessica,Nevada
Davidborough,North Dakota
Davidland,Nevada
Leeport,Colorado
Matthewshire,Alaska
East Brian,Kentucky
Coltonmouth,Maryland
Ianport,New York
Deckerburgh,Missouri
Mooreburgh,Vermont
Rodriguezfurt,Nebraska
East Michael,California
New Jeremy,Illinois
Wilcoxside,Hawaii
West Stephanie,Florida
Brayland,Alabama
Lake Brookeburgh,Kansas
Aprilfurt,Montana
Jasmineshire,Oklahoma
Port Joshuatown,Ohio
Jonathanside,Kansas
Reidside,Hawaii
South Katrinashire,Idaho
Lake Ryan,Rhode Island
West Susan,West Virginia
Lake Jesse,New Mexico
Masonhaven,South Dakota
East William,Michigan
Murphychester,Wisconsin
Lake Michelleport,Alaska
Williamland,Montana
Edwardport,Florida
South Michaelstad,Indiana
Butlermouth,Wyoming
Lake Danny,South Dakota
Lake Brettville,Nebraska
East Tannermouth,Kentucky
West Courtneystad,Michigan
Graveshaven,California
Staceystad,Maine
West Justinside,Tennessee
Lake Tammy,New Jersey
Port Rhondastad,Georgia
Port Timothy,New Jersey
North Antoniotown,Utah
Charlesfurt,Illinois
Pattersonstad,Montana
Nealchester,Hawaii
Annetteberg,Wyoming
Clementsfort,New York
Port Austinton,Pennsylvania
Toddchester,Tennessee
Cardenasfurt,Idaho
Nicholstown,Illinois
Andrewbury,Texas
Morrisstad,Virginia
Bennettstad,Alabama
Stevenmouth,Alaska
Adkinsfort,Arkansas
Masonhaven,South Dakota
Jonathanmouth,Utah
Nathanville,Missouri
Holmesshire,Maine
Dannyfurt,Virginia
North Antoniotown,Utah
Dukeburgh,Alabama
Markberg,Maine
Meyerville,New Hampshire
Moodymouth,Missouri
Chelseaville,Oklahoma
West Patriciaborough,Pennsylvania
Lake Michaelland,Virginia
Larafort,Oregon
Nicholstown,Illinois
West Patricia,Illinois
East Jessica,New Mexico
Port Garyhaven,Nevada
Port Susan,Alabama
South Justinfort,West Virginia
Leeport,Colorado
Ramirezmouth,Kansas
Schultzfurt,Delaware
Bennettstad,Alabama
Stephanieport,California
Thompsonfurt,Tennessee
Anthonytown,Alabama
East Michael,Montana
Port Ronald,Utah
South Katrinashire,Idaho
Lake Terri,Colorado
Wilcoxside,Hawaii
Lake Raymond,Kansas
Riveraton,Oregon
West Rebeccaberg,Texas
Royville,Louisiana
New Maryfurt,Hawaii
West Erica,Michigan
North Stephenshire,Minnesota
West Joannaburgh,Utah
Crystalport,North Dakota
Port Michael,Arkansas
Frankchester,Connecticut
Bartonbury,Wisconsin
Lake Pamelashire,Nebraska
South Kennethville,Colorado
East Lisa,New Hampshire
North Matthew,North Dakota
Henryshire,Vermont
Kimberg,Nebraska
Rogersfurt,Nebraska
Clineview,North Dakota
West Joannaburgh,Utah
Kimberlyshire,Iowa
Lake Mariahaven,Delaware
West Ronaldhaven,Indiana
Lopezburgh,Idaho
Jeremyfurt,New Mexico
East Shawn,Idaho
Ballview,Wyoming
Stephensonburgh,Kentucky
East Jennifermouth,Kentucky
Lake Andrewshire,Ohio
Hicksmouth,Georgia
Port Tiffanyside,Indiana
West April,Georgia
East Megan,Wyoming
Laurenchester,South Carolina
Matthewshire,Alaska
Michellefort,Maryland
Charlesfurt,Illinois
North Shawn,Missouri
Lake Andrew,Mississippi
Bradleyland,Connecticut
Walkerborough,Arizona
North Wandafort,Arizona
East Michael,California
West Patrickton,Kentucky
West Daniel,Nevada
Nathanton,Wyoming
Thompsonbury,Idaho
East Ellenburgh,Washington
Williamsview,Utah
Kimberg,Michigan
East Juan,New Jersey
Mccalltown,Colorado
Caseyside,Wyoming
Williamsshire,New Jersey
New Johnview,California
New Jorge,Wisconsin
Michaelstad,Virginia
Andreastad,New Jersey
Isaacburgh,Florida
Vanessabury,North Carolina
New Jacob,Virginia
South Kimberly,Oklahoma
Andrewbury,Texas
West Gabrielhaven,Nebraska
South Amandashire,Georgia
Guerrerobury,Hawaii
South Juan,Nebraska
Jesseville,Alaska
East Shelbyport,Tennessee
West Patriciaborough,Pennsylvania
Georgetown,Ohio
Sarahchester,Vermont
Guerrerobury,Hawaii
Ianport,New York
North Monicaview,New Jersey
Brittneyborough,Maryland
Jacobhaven,Kansas
Danaport,North Dakota
West Brittanyberg,Oklahoma
Melissaside,Washington
Ericburgh,Delaware
West Rachel,North Dakota
Thompsonbury,Idaho
Wrightview,Utah
Monicaland,Oklahoma
New Brandiberg,Hawaii
Bennettmouth,Maryland
Lake Angela,Connecticut
Jenniferhaven,Virginia
North Wandafort,Arizona
Port Theresa,Maryland
Dennisburgh,Delaware
Davisshire,Connecticut
North Lisa,Wyoming
New James,Indiana
Schmidthaven,Colorado
South Timothyberg,Vermont
Ashleyport,North Dakota
Mooreport,Alabama
Walkerland,North Dakota
Morrisside,New Jersey
South Corymouth,Alaska
Sherrymouth,Hawaii
New Joseph,North Dakota
West Jacobside,Indiana
West Lesliefurt,Pennsylvania
Lake Josemouth,Maine
Gonzalezberg,Louisiana
Perezburgh,Delaware
Tiffanyburgh,Pennsylvania
Lake Rebecca,Oklahoma
East Dianatown,Oregon
Brandontown,Rhode Island
Lake Richardberg,Kansas
North Angelaborough,Rhode Island
Lake Andrewshire,Ohio
Clineburgh,Nevada
Jessicachester,New Mexico
Brittanyport,New Hampshire
Nicolechester,Georgia
South Valerie,Kentucky
Aliciabury,Colorado
Robinsonland,Nebraska
Annamouth,Idaho
New Dennis,Kansas
Taylormouth,Wyoming
Tamarashire,Arkansas
New Mary,Louisiana
Port Garyhaven,Nevada
Wilsonburgh,Colorado
Annaport,California
Troybury,Louisiana
South Barry,Wyoming
South Michael,Maine
Leeberg,Alabama
Port Natalieton,Oklahoma
South Justinfort,West Virginia
Dominiqueborough,Indiana
Lake Travis,Maryland
Griffinshire,Illinois
New Jenniferburgh,Minnesota
New Angelica,Arizona
South Cindymouth,Idaho
Johnsburgh,Nevada
West Amy,Ohio
Johnsonside,West Virginia
Lewishaven,Maryland
Lake Patricia,Rhode Island
Johnsonmouth,Hawaii
North Ethanland,Washington
Richardsonborough,Oklahoma
Robertborough,Idaho
East Jacquelinefurt,Idaho
Sarahberg,Utah
Timothyside,Mississippi
Taraton,Alaska
Bellton,New Hampshire
Port Sharon,Rhode Island
Kimtown,Wisconsin
Lake Derektown,New York
Lake Pamelashire,Nebraska
Armstrongstad,Michigan
South Stephanie,Idaho
Lisamouth,Wisconsin
Rebeccaberg,New Mexico
New Sophia,Florida
Rodriguezborough,Texas
Reidside,Hawaii
Port Keith,Vermont
Lake Charles,North Dakota
East Pamelafurt,Ohio
Wattsbury,Vermont
Gonzalezberg,Louisiana
South Greg,Kentucky
Fuentesshire,Massachusetts
East Nataliemouth,Alabama
Staceystad,Maine
Dannyfurt,Virginia
Mccoyberg,South Dakota
Taraton,Alaska
Webbville,South Carolina
Royville,Louisiana
New Jacob,Alaska
Lindaborough,Iowa
Lake Erikburgh,South Carolina
Wrightview,Utah
New Michaeltown,Tennessee
West Michael,Virginia
Baileyville,Maryland
Cherylmouth,Hawaii
South Sherry,Kansas
Port Victorville,Colorado
Jacksonstad,Vermont
Aaronbury,Vermont
Lake Kristen,Washington
Port Lindseyland,Hawaii
Rayton,North Carolina
Timothyside,Mississippi
Charlesside,Kentucky
South Stephanieborough,Kentucky
Stevenstad,Washington
New Wendy,Florida
Lake Margaret,Texas
West Donald,Louisiana
Clarkshire,Arkansas
Angelaton,Idaho
Port Alyssa,Rhode Island
Jacobhaven,Kansas
Stephenview,South Carolina
South Kennethtown,California
Lake Jessica,Colorado
Stonebury,Alabama
Lake Kelly,California
Lake Jessica,Colorado
South Bob,Arizona
Bellville,South Dakota
East Paulburgh,Utah
West Rebeccaberg,Texas
Matthewmouth,New York
Hinesborough,Connecticut
Maryside,Iowa
Coltonmouth,Maryland
West Jacobside,Indiana
Myersbury,Georgia
Rodneyside,South Dakota
Mooreside,Maryland
Port Jamesside,Delaware
Foxberg,Oklahoma
Gonzalezland,Maryland
Nicoleside,South Carolina
Connieport,Wyoming
East Taraville,Kentucky
North Kendrashire,West Virginia
North Ethanland,Washington
East Ricardo,Delaware
Port Phillipbury,Oregon
South Alanside,Maine
West Robert,Massachusetts
North Laurentown,Missouri
Mooreburgh,Vermont
South Kimberly,Oklahoma
Piercebury,Wisconsin
Melissaside,Washington
Piercebury,Wisconsin
Joycemouth,Georgia
Henrytown,Vermont
Wangborough,Ohio
South Codychester,Utah
North Jasonbury,Alaska
New Maryfurt,Hawaii
Robertsstad,West Virginia
West April,Georgia
West Josephhaven,West Virginia
Vegashire,New Mexico
Port Daniel,Florida
Port Briana,California
Emilyside,Texas
Johnsonshire,Illinois
West Nancy,Mississippi
Robinsonland,Nebraska
South Melissaburgh,Arkansas
Lake Kelly,California
South Samanthahaven,Oregon
Lake Julie,Alabama
Aaronbury,Vermont
Hollandstad,Kentucky
Kimberg,Michigan
Port John,Michigan
Steeleville,Virginia
Murphyborough,Oklahoma
Cameronmouth,Tennessee
Stevenmouth,Alaska
North Shawn,Missouri
East Terry,Delaware
West Edward,New Hampshire
New Brianburgh,West Virginia
Matthewchester,Kentucky
Mccalltown,Colorado
East Thomas,Pennsylvania
Garciaton,Wyoming
Benjaminfurt,Georgia
South Stephanieborough,Kentucky
East Christine,North Dakota
South Corymouth,Alaska
Lake Mitchell,Montana
Robinsonside,Hawaii
Port Edwardfort,Colorado
Jeffreyborough,Connecticut
New Jenniferburgh,Minnesota
East Nicole,Tennessee
Lake Mariahaven,Delaware
Stephenview,South Carolina
New Sarahside,Oregon
West Justinburgh,Kansas
Amandashire,Vermont
West Betty,Georgia
Curryshire,Colorado
Port Gregorychester,Oregon
East Catherineborough,Alabama
Henrytown,Vermont
Lake Dannyville,Louisiana
Sharonchester,Iowa
Port Susan,New Hampshire
South Steven,Louisiana
Jacksonstad,Vermont
Estradaport,Idaho
Marquezmouth,Kentucky
Jerryville,New Mexico
Brooketon,New York
West James,Montana
Youngberg,North Dakota
Port Christopher,New Jersey
Davidville,Texas
East George,North Dakota
Amyview,Texas
South Kelly,Idaho
North Laura,Alabama
South Joseph,Michigan
West Christopher,Michigan
Dennisburgh,Delaware
New Michael,New Hampshire
Port Charlesborough,Kansas
New Jeremyview,Washington
North Susan,South Dakota
North Kennethchester,Maine
Port Sharon,Rhode Island
Leeport,Utah
Mannchester,South Dakota
West Josephhaven,West Virginia
New Robertmouth,Mississippi
West Chelseaport,Iowa
Kimberg,Nebraska
Lake Steven,Texas
Hernandezside,Iowa
Thompsonbury,Idaho
New Alanport,Nebraska
West Brian,Texas
East Matthewbury,Alabama
South Maria,South Dakota
South Christina,Utah
Brownview,Colorado
Krauseborough,Maine
East Shane,West Virginia
West Justinside,Tennessee
Russellmouth,Iowa
Michaelmouth,Louisiana
Mckenziestad,Iowa
Gonzalezland,Maryland
New Robertfurt,Illinois
Ianport,New York
Clarktown,Minnesota
Amyshire,Arkansas
Wrightview,Utah
East Tannermouth,Kentucky
East Christopherfort,Iowa
Tonimouth,Georgia
Stephaniestad,Missouri
Lake William,Wisconsin
South Zacharyport,Idaho
West Sylviahaven,Wyoming
Port Keith,Vermont
South Dianaborough,Indiana
New James,Indiana
Leeshire,Nevada
Wilsonstad,Mississippi
Lake Justinstad,Iowa
Lake Jamie,Colorado
Hunterland,Indiana
West Jonathanshire,Massachusetts
Johnport,Florida
East Tiffany,Vermont
Schmidthaven,Colorado
Jonesfort,Delaware
East Nicole,Tennessee
Ericburgh,Delaware
Masonhaven,South Dakota
Lake Brettville,Nebraska
Michaelton,Idaho
South Sandrabury,Hawaii
Grimesborough,Utah
West Lindaborough,Massachusetts
Anthonyside,Mississippi
North Antoniotown,Utah
South Cynthiaside,Rhode Island
Stevenmouth,Alaska
East Tannermouth,Kentucky
Samuelhaven,Nebraska
North Shawna,Florida
South Tinachester,Louisiana
Bethanyview,Massachusetts
Richardmouth,Michigan
Brittanyfort,Virginia
Grimesborough,Utah
Bellville,South Dakota
North Anthony,Oklahoma
South Tammyberg,Idaho
West Sarah,Maryland
West Rebekah,Georgia
Marquezmouth,Kentucky
Cynthiaville,Illinois
Port Stevenview,Idaho
Brandonshire,Pennsylvania
Lake Erikburgh,South Carolina
West Justinside,Tennessee
Hollowayport,Colorado
South Paul,Missouri
Port Susan,Alabama
Mariatown,Nevada
Lake Jamie,Colorado
New Dennis,Oregon
Bethanyview,Massachusetts
Estradaport,Idaho
West Marcus,New Mexico
Youngberg,North Dakota
Wrightfort,West Virginia
Port Lucasview,South Dakota
New Dawntown,Wisconsin
East Tiffany,Vermont
Lake Ryan,Montana
Melissamouth,New Jersey
Anthonyton,Illinois
New Donnatown,Arizona
Ericton,Illinois
North Lisa,Wyoming
Russellmouth,Iowa
Rodriguezbury,New York
South Zacharyport,Idaho
Jenniferhaven,Vermont
Wallland,Colorado
Masonfurt,South Dakota
Lake Christopher,Kansas
Lake Ashleymouth,Florida
Lake Terri,Colorado
North Matthew,North Dakota
Pattersonport,Maryland
Lopezborough,Nevada
Stephenview,Connecticut
Davidmouth,Alaska
Acevedohaven,Missouri
Port Lindaport,Indiana
Brandontown,Rhode Island
North Karenchester,Utah
Tammyville,North Carolina
Port Briana,California
Robinsonland,Nebraska
Mariestad,Massachusetts
Lake Natalietown,Pennsylvania
Hinesborough,Connecticut
South Jennifer,Idaho
Huertaview,Illinois
Jeremybury,Kentucky
New Lauren,Florida
Jenniferhaven,Vermont
Osbornestad,Ohio
Lake Cristianstad,Rhode Island
Stephensonburgh,Kentucky
North Daniel,Utah
Lake Julie,Alabama
South Kimberly,Arkansas
Lake Ryan,Mississippi
Port Stevenview,Idaho
Gonzalesport,Idaho
Port Zachary,Virginia
Douglastown,New York
Alanstad,New York
South Suzanne,Ohio
New Jeremyview,Washington
West Susan,West Virginia
New Sophia,Florida
West April,Georgia
West Donald,Louisiana
Taraton,Alaska
Freemanland,Mississippi
Port Kevinborough,Maryland
Camposberg,Colorado
Melaniehaven,Idaho
South Jennifer,Idaho
Alvarezfort,Minnesota
Tinachester,Hawaii
Edwardport,Florida
Transtad,Missouri
East Lisa,New Hampshire
Port Johnton,North Carolina
West Amy,Ohio
North Andrea,North Dakota
Larafort,Oregon
Dixonfurt,North Dakota
Gilmorefort,Alaska
Port Kellymouth,California
Hollowayport,Colorado
Port Beth,Maine
Lake Kenneth,Pennsylvania
South Blake,Virginia
South Lisa,Massachusetts
Kimberg,Michigan
Port Bradleymouth,Iowa
North Karenchester,Utah
East Markton,Washington
Santanatown,Kentucky
Lake William,California
East Michellestad,New Hampshire
East Nicole,Tennessee
North Jonathanside,Kentucky
East Christine,North Dakota
Jacksonstad,Vermont
Port John,Michigan
South Steven,Louisiana
Port Richard,Georgia
Sherrymouth,Hawaii
West Nicolefort,Arkansas
Barrettfort,Nevada
Jonesview,Florida
Lake Danny,South Dakota
Goodmanshire,North Dakota
East Andreabury,Pennsylvania
Port Edwardfort,Colorado
Lake Ryanbury,Massachusetts
Lake Juliashire,New York
Port Charlesborough,Kansas
South Paul,Missouri
South Olivia,Colorado
Sarahhaven,Iowa
South Victormouth,California
Davisshire,Utah
Port Kylieville,Montana
Melissamouth,New Jersey
Sherrymouth,Hawaii
West Dana,New York
East Taraville,Kentucky
Port John,Arizona
South Joseph,Michigan
Brooketon,New York
West Brian,Illinois
Angelaton,Idaho
Dukeburgh,Alabama
North Wandachester,Kansas
Robertsstad,West Virginia
South Michael,Pennsylvania
West Cindy,Wisconsin
Josetown,Connecticut
Rodriguezborough,Texas
Lake Mirandamouth,North Dakota
New Jacquelineview,Utah
Hahnshire,Montana
Jeffreyborough,Connecticut
Chandlerbury,Maryland
Graveshaven,California
East William,Michigan
Jerryville,New Mexico
West Betty,Georgia
West Courtneystad,Michigan
Freemanland,Mississippi
East Gregory,Louisiana
Bradfordtown,Minnesota
West Sara,Colorado
Sheryltown,Virginia
Maryfort,Indiana
South Brittanyton,Nebraska
East Michael,California
Evansmouth,Vermont
East Megan,Wyoming
Stonebury,Alabama
Port Jessica,Delaware
Port Martinburgh,North Carolina
Denisestad,Ohio
Lake Mariahaven,Delaware
South Jerry,Wyoming
Luismouth,Mississippi
Masseyborough,Oklahoma
Larafort,Oregon
South Abigail,Ohio
South Charlesland,Arkansas
Hernandezside,Iowa
West Jonathanville,Florida
Lake Michelle,New York
Aprilfurt,Montana
West Alexside,Montana
Davidton,Louisiana
New Jeremy,Illinois
East Jenniferview,Massachusetts
East Jacquelinefurt,Idaho
Port Stevenstad,Maryland
Clarkbury,Iowa
West Brian,Illinois
South Charlesland,Arkansas
Aaronstad,Colorado
Brooksbury,South Dakota